"Serie","cvegeo","Entidad_federativa","Periodo","Sexo|Total_Grupo_de_edad|Total","Sexo|Total_Grupo_de_edad|De_15_a_24_años","Sexo|Total_Grupo_de_edad|De_25_a_64_años","Sexo|Total_Grupo_de_edad|De_65_años_y_más","Sexo|Hombres_Grupo_de_edad|Total","Sexo|Hombres_Grupo_de_edad|De_15_a_24_años","Sexo|Hombres_Grupo_de_edad|De_25_a_64_años","Sexo|Hombres_Grupo_de_edad|De_65_años_y_más","Sexo|Mujeres_Grupo_de_edad|Total","Sexo|Mujeres_Grupo_de_edad|De_15_a_24_años","Sexo|Mujeres_Grupo_de_edad|De_25_a_64_años","Sexo|Mujeres_Grupo_de_edad|De_65_años_y_más",
"Población_desocupada",	00,"Estados_Unidos_Mexicanos","2024","1,644,631","564,176","1,051,251","28,740","966,540","328,832","613,312","24,095","678,091","235,344","437,939","4,646",
"Población_desocupada",	01,"Aguascalientes","2024","21,953","8,307","13,577","70","13,795","5,127","8,629","39","8,158","3,179","4,947","31",
"Población_desocupada",	02,"Baja_California","2024","45,862","14,613","30,588","661","29,244","9,327","19,257","661","16,618","5,286","11,332","0",
"Población_desocupada",	03,"Baja_California_Sur","2024","10,601","3,933","6,616","52","5,508","2,258","3,235","16","5,092","1,675","3,382","36",
"Población_desocupada",	04,"Campeche","2024","8,298","2,402","5,842","54","4,613","1,453","3,106","54","3,685","949","2,736","0",
"Población_desocupada",	05,"Coahuila_de_Zaragoza","2024","60,873","23,639","36,663","572","36,127","13,457","22,419","251","24,747","10,182","14,245","321",
"Población_desocupada",	06,"Colima","2024","8,314","2,440","5,666","208","4,713","1,155","3,368","190","3,601","1,286","2,298","18",
"Población_desocupada",	07,"Chiapas","2024","45,152","17,076","27,826","250","27,634","9,035","18,376","223","17,518","8,041","9,450","27",
"Población_desocupada",	08,"Chihuahua","2024","43,985","16,036","27,515","434","23,175","8,318","14,424","434","20,810","7,718","13,092","0",
"Población_desocupada",	09,"Ciudad_de_México","2024","202,184","58,794","135,908","7,482","103,599","29,121","68,813","5,665","98,585","29,673","67,095","1,817",
"Población_desocupada",	10,"Durango","2024","26,346","10,033","15,874","439","15,145","5,376","9,395","374","11,201","4,657","6,479","65",
"Población_desocupada",	11,"Guanajuato","2024","84,986","31,456","51,459","2,072","50,433","16,424","31,967","2,042","34,553","15,032","19,492","29",
"Población_desocupada",	12,"Guerrero","2024","19,236","5,645","13,544","47","10,216","2,554","7,636","27","9,020","3,092","5,908","21",
"Población_desocupada",	13,"Hidalgo","2024","30,861","12,008","18,334","519","17,135","6,100","10,687","347","13,726","5,908","7,647","172",
"Población_desocupada",	14,"Jalisco","2024","84,454","29,790","54,203","461","54,189","18,016","35,814","359","30,265","11,774","18,389","102",
"Población_desocupada",	15,"México","2024","290,384","89,803","196,897","3,685","175,373","58,454","113,680","3,239","115,012","31,349","83,217","446",
"Población_desocupada",	16,"Michoacán_de_Ocampo","2024","40,460","13,412","26,374","674","24,417","7,656","16,086","674","16,043","5,756","10,287","0",
"Población_desocupada",	17,"Morelos","2024","16,074","4,519","10,695","860","9,535","2,514","6,210","812","6,539","2,005","4,485","48",
"Población_desocupada",	18,"Nayarit","2024","14,216","5,025","8,872","319","8,442","2,749","5,392","302","5,775","2,277","3,481","17",
"Población_desocupada",	19,"Nuevo_León","2024","88,022","39,295","47,553","1,175","50,663","22,887","27,137","640","37,359","16,408","20,416","535",
"Población_desocupada",	20,"Oaxaca","2024","25,780","8,827","16,625","329","15,941","4,908","10,705","329","9,839","3,919","5,920","0",
"Población_desocupada",	21,"Puebla","2024","68,669","25,571","42,245","853","42,442","15,852","25,970","620","26,227","9,719","16,276","233",
"Población_desocupada",	22,"Querétaro","2024","29,701","10,111","19,071","489","19,480","6,604","12,358","489","10,221","3,508","6,713","0",
"Población_desocupada",	23,"Quintana_Roo","2024","25,017","10,180","14,397","418","15,008","6,226","8,408","351","10,009","3,953","5,989","67",
"Población_desocupada",	24,"San_Luis_Potosí","2024","39,411","13,450","24,854","771","25,530","8,666","15,986","670","13,881","4,784","8,868","101",
"Población_desocupada",	25,"Sinaloa","2024","33,788","10,485","22,403","900","18,471","4,915","12,684","872","15,317","5,570","9,719","29",
"Población_desocupada",	26,"Sonora","2024","46,231","16,241","29,336","654","26,488","10,307","15,567","614","19,743","5,934","13,769","40",
"Población_desocupada",	27,"Tabasco","2024","44,929","15,400","28,673","856","26,014","9,218","15,940","856","18,916","6,182","12,734","0",
"Población_desocupada",	28,"Tamaulipas","2024","54,155","19,120","33,641","1,394","30,925","11,113","18,901","911","23,230","8,007","14,740","483",
"Población_desocupada",	29,"Tlaxcala","2024","20,180","7,757","12,243","180","10,966","4,388","6,408","171","9,213","3,369","5,835","9",
"Población_desocupada",	30,"Veracruz_de_Ignacio_de_la_Llave","2024","74,122","22,205","50,472","1,370","50,988","15,877","33,701","1,370","23,135","6,328","16,771","0",
"Población_desocupada",	31,"Yucatán","2024","21,642","9,479","11,825","339","10,869","4,879","5,651","339","10,774","4,600","6,174","0",
"Población_desocupada",	32,"Zacatecas","2024","18,750","7,129","11,466","155","9,466","3,903","5,408","155","9,284","3,226","6,058","0",
"Población_desocupada",	00,"Estados_Unidos_Mexicanos","2023","1,688,960","577,220","1,081,291","29,067","995,517","338,207","633,789","22,333","693,443","239,014","447,502","6,734",
"Población_desocupada",	01,"Aguascalientes","2023","21,569","7,525","13,984","60","14,196","4,583","9,553","60","7,373","2,942","4,431","0",
"Población_desocupada",	02,"Baja_California","2023","40,206","13,240","26,251","716","24,778","8,077","16,023","678","15,428","5,163","10,228","38",
"Población_desocupada",	03,"Baja_California_Sur","2023","12,699","4,135","8,264","300","6,941","2,201","4,440","300","5,758","1,934","3,823","0",
"Población_desocupada",	04,"Campeche","2023","7,815","2,299","5,432","84","4,405","1,223","3,098","84","3,410","1,076","2,334","0",
"Población_desocupada",	05,"Coahuila_de_Zaragoza","2023","60,209","21,614","37,645","904","37,240","13,368","22,922","904","22,969","8,247","14,723","0",
"Población_desocupada",	06,"Colima","2023","8,865","2,407","6,185","273","4,994","1,280","3,493","221","3,870","1,127","2,692","52",
"Población_desocupada",	07,"Chiapas","2023","47,230","17,019","29,812","390","27,450","10,541","16,540","369","19,779","6,478","13,271","21",
"Población_desocupada",	08,"Chihuahua","2023","46,050","17,841","27,275","934","28,155","10,686","16,535","934","17,895","7,155","10,740","0",
"Población_desocupada",	09,"Ciudad_de_México","2023","196,847","46,312","146,117","4,419","105,506","26,288","75,065","4,152","91,342","20,024","71,052","266",
"Población_desocupada",	10,"Durango","2023","24,848","9,048","15,561","239","13,757","5,309","8,331","117","11,091","3,739","7,230","122",
"Población_desocupada",	11,"Guanajuato","2023","90,769","33,813","55,584","1,372","54,567","19,526","33,997","1,044","36,202","14,287","21,587","328",
"Población_desocupada",	12,"Guerrero","2023","18,916","6,952","11,587","376","10,535","4,221","6,027","287","8,381","2,731","5,561","89",
"Población_desocupada",	13,"Hidalgo","2023","36,485","10,911","25,335","240","22,312","5,906","16,182","224","14,173","5,005","9,153","16",
"Población_desocupada",	14,"Jalisco","2023","101,311","38,529","60,773","1,097","65,165","24,493","39,060","788","36,147","14,035","21,714","309",
"Población_desocupada",	15,"México","2023","301,025","107,847","187,770","5,408","180,808","63,786","114,861","2,161","120,217","44,061","72,909","3,247",
"Población_desocupada",	16,"Michoacán_de_Ocampo","2023","43,236","15,047","26,423","1,767","24,183","7,952","15,338","892","19,054","7,095","11,085","875",
"Población_desocupada",	17,"Morelos","2023","16,613","4,847","11,199","568","10,974","2,848","7,559","568","5,640","1,999","3,641","0",
"Población_desocupada",	18,"Nayarit","2023","13,346","4,790","8,191","366","8,554","2,993","5,195","366","4,793","1,797","2,996","0",
"Población_desocupada",	19,"Nuevo_León","2023","90,818","36,725","52,071","1,935","54,081","20,838","31,351","1,805","36,737","15,887","20,720","130",
"Población_desocupada",	20,"Oaxaca","2023","29,078","10,231","18,522","325","15,414","4,974","10,231","209","13,664","5,257","8,291","116",
"Población_desocupada",	21,"Puebla","2023","74,172","22,710","51,094","369","45,787","15,405","30,062","321","28,385","7,305","21,032","48",
"Población_desocupada",	22,"Querétaro","2023","33,595","11,346","21,923","228","22,865","7,766","14,810","228","10,730","3,580","7,113","0",
"Población_desocupada",	23,"Quintana_Roo","2023","25,494","9,589","15,758","67","15,252","6,106","8,998","67","10,242","3,483","6,759","0",
"Población_desocupada",	24,"San_Luis_Potosí","2023","36,720","13,960","22,115","590","23,071","8,470","14,032","513","13,649","5,490","8,082","77",
"Población_desocupada",	25,"Sinaloa","2023","35,427","13,166","21,484","777","20,040","6,636","12,660","745","15,387","6,530","8,825","32",
"Población_desocupada",	26,"Sonora","2023","41,379","14,226","26,230","832","21,241","7,687","12,783","740","20,138","6,539","13,448","92",
"Población_desocupada",	27,"Tabasco","2023","43,306","12,796","29,384","1,126","25,133","7,265","16,966","902","18,173","5,531","12,417","225",
"Población_desocupada",	28,"Tamaulipas","2023","52,878","17,680","33,414","1,785","30,404","10,368","18,508","1,528","22,474","7,311","14,906","257",
"Población_desocupada",	29,"Tlaxcala","2023","22,182","8,091","13,783","308","11,515","3,838","7,406","271","10,666","4,253","6,377","37",
"Población_desocupada",	30,"Veracruz_de_Ignacio_de_la_Llave","2023","73,555","26,656","46,322","576","43,716","15,084","28,364","269","29,839","11,573","17,958","308",
"Población_desocupada",	31,"Yucatán","2023","22,576","9,246","12,877","454","10,810","4,875","5,482","454","11,766","4,371","7,395","0",
"Población_desocupada",	32,"Zacatecas","2023","19,744","6,628","12,931","186","11,669","3,615","7,919","135","8,076","3,013","5,012","51",
"Población_desocupada",	00,"Estados_Unidos_Mexicanos","2022","1,940,017","634,588","1,272,539","31,767","1,153,411","369,641","755,693","26,991","786,606","264,947","516,846","4,776",
"Población_desocupada",	01,"Aguascalientes","2022","24,796","8,379","16,327","59","15,050","4,494","10,491","34","9,746","3,886","5,835","25",
"Población_desocupada",	02,"Baja_California","2022","44,593","14,981","28,617","995","30,124","10,061","19,160","903","14,469","4,920","9,456","93",
"Población_desocupada",	03,"Baja_California_Sur","2022","12,457","4,724","7,558","175","6,572","2,730","3,687","155","5,885","1,994","3,871","21",
"Población_desocupada",	04,"Campeche","2022","11,326","3,548","7,590","188","6,171","1,914","4,070","188","5,155","1,634","3,521","0",
"Población_desocupada",	05,"Coahuila_de_Zaragoza","2022","63,169","23,579","39,069","522","38,390","14,805","23,177","408","24,779","8,774","15,892","114",
"Población_desocupada",	06,"Colima","2022","10,077","3,555","6,075","447","5,131","2,036","2,793","301","4,947","1,519","3,282","146",
"Población_desocupada",	07,"Chiapas","2022","53,337","18,168","34,725","444","28,915","9,711","18,789","416","24,422","8,458","15,936","28",
"Población_desocupada",	08,"Chihuahua","2022","42,798","16,480","25,726","592","23,923","8,703","14,628","592","18,876","7,777","11,099","0",
"Población_desocupada",	09,"Ciudad_de_México","2022","251,529","55,895","188,299","7,335","143,922","34,630","104,294","4,998","107,607","21,265","84,005","2,337",
"Población_desocupada",	10,"Durango","2022","27,493","9,634","17,655","204","15,343","5,537","9,637","169","12,150","4,097","8,018","36",
"Población_desocupada",	11,"Guanajuato","2022","96,653","32,080","63,312","1,262","60,723","19,409","40,380","934","35,931","12,671","22,931","328",
"Población_desocupada",	12,"Guerrero","2022","21,087","7,441","13,401","246","13,486","5,004","8,285","197","7,602","2,437","5,117","48",
"Población_desocupada",	13,"Hidalgo","2022","33,667","12,517","21,099","51","21,163","8,212","12,901","51","12,504","4,306","8,198","0",
"Población_desocupada",	14,"Jalisco","2022","101,425","37,429","62,798","1,199","64,164","25,561","37,607","997","37,261","11,868","25,191","202",
"Población_desocupada",	15,"México","2022","381,980","123,011","250,850","7,771","232,117","69,359","155,077","7,332","149,864","53,652","95,773","439",
"Población_desocupada",	16,"Michoacán_de_Ocampo","2022","38,368","11,088","26,699","582","21,215","5,722","14,933","559","17,153","5,366","11,765","22",
"Población_desocupada",	17,"Morelos","2022","19,656","3,569","15,720","343","12,673","2,458","9,882","311","6,983","1,112","5,839","32",
"Población_desocupada",	18,"Nayarit","2022","16,350","5,777","10,172","401","10,482","3,836","6,304","343","5,868","1,942","3,869","58",
"Población_desocupada",	19,"Nuevo_León","2022","112,177","44,981","65,363","1,415","67,185","26,397","39,069","1,300","44,993","18,584","26,294","115",
"Población_desocupada",	20,"Oaxaca","2022","27,250","10,004","17,089","157","14,873","5,084","9,632","157","12,377","4,920","7,457","0",
"Población_desocupada",	21,"Puebla","2022","87,611","26,739","59,309","1,563","54,563","14,111","38,993","1,459","33,048","12,628","20,316","104",
"Población_desocupada",	22,"Querétaro","2022","40,826","12,671","27,870","247","28,041","8,621","19,226","195","12,785","4,051","8,645","52",
"Población_desocupada",	23,"Quintana_Roo","2022","25,830","9,438","16,216","66","16,743","5,553","11,050","29","9,087","3,885","5,166","37",
"Población_desocupada",	24,"San_Luis_Potosí","2022","39,793","13,475","25,768","407","23,472","7,664","15,258","407","16,321","5,812","10,510","0",
"Población_desocupada",	25,"Sinaloa","2022","41,647","15,712","25,375","560","23,111","8,776","13,844","492","18,536","6,936","11,531","69",
"Población_desocupada",	26,"Sonora","2022","44,212","14,939","28,551","722","24,397","8,536","15,329","533","19,815","6,403","13,223","189",
"Población_desocupada",	27,"Tabasco","2022","52,036","17,312","34,252","472","31,918","9,939","21,594","386","20,118","7,373","12,659","87",
"Población_desocupada",	28,"Tamaulipas","2022","57,980","20,365","36,537","1,079","33,323","11,168","21,077","1,079","24,658","9,198","15,460","0",
"Población_desocupada",	29,"Tlaxcala","2022","24,322","8,451","15,655","217","12,360","4,460","7,765","135","11,962","3,991","7,890","82",
"Población_desocupada",	30,"Veracruz_de_Ignacio_de_la_Llave","2022","92,117","29,851","60,823","1,433","50,999","15,522","34,034","1,433","41,118","14,329","26,788","0",
"Población_desocupada",	31,"Yucatán","2022","24,079","10,527","13,107","445","11,877","5,580","5,966","331","12,203","4,947","7,141","115",
"Población_desocupada",	32,"Zacatecas","2022","19,380","8,271","10,935","174","10,991","4,055","6,762","174","8,389","4,216","4,173","0",
"Población_desocupada",	00,"Estados_Unidos_Mexicanos","2021","2,364,792","756,812","1,567,677","39,069","1,431,581","459,856","939,377","31,393","933,211","296,956","628,299","7,675",
"Población_desocupada",	01,"Aguascalientes","2021","26,451","10,169","16,156","103","17,364","6,336","10,925","103","9,088","3,833","5,231","0",
"Población_desocupada",	02,"Baja_California","2021","44,518","13,173","30,368","934","27,184","8,289","18,230","623","17,333","4,885","12,138","311",
"Población_desocupada",	03,"Baja_California_Sur","2021","17,022","6,208","10,513","301","8,935","3,416","5,326","194","8,087","2,792","5,188","107",
"Población_desocupada",	04,"Campeche","2021","12,922","3,808","8,918","196","7,429","2,020","5,231","178","5,493","1,789","3,687","17",
"Población_desocupada",	05,"Coahuila_de_Zaragoza","2021","72,204","27,750","43,958","496","46,512","17,417","28,761","335","25,692","10,334","15,197","161",
"Población_desocupada",	06,"Colima","2021","11,991","3,386","8,235","371","6,184","1,682","4,229","273","5,807","1,704","4,006","98",
"Población_desocupada",	07,"Chiapas","2021","69,774","26,075","42,692","1,008","41,459","14,891","25,589","980","28,316","11,184","17,103","29",
"Población_desocupada",	08,"Chihuahua","2021","58,505","19,527","37,785","1,193","36,846","12,163","23,792","892","21,659","7,364","13,993","301",
"Población_desocupada",	09,"Ciudad_de_México","2021","309,295","62,965","240,236","6,094","169,166","35,837","129,416","3,914","140,129","27,129","110,821","2,180",
"Población_desocupada",	10,"Durango","2021","34,060","13,049","20,644","367","20,752","8,506","11,909","337","13,308","4,543","8,735","31",
"Población_desocupada",	11,"Guanajuato","2021","144,622","49,835","90,949","3,839","94,893","33,414","58,142","3,336","49,729","16,420","32,806","502",
"Población_desocupada",	12,"Guerrero","2021","23,183","7,496","15,221","467","15,863","6,078","9,345","440","7,321","1,418","5,876","27",
"Población_desocupada",	13,"Hidalgo","2021","39,652","12,616","26,521","516","27,509","7,571","19,462","476","12,143","5,045","7,059","40",
"Población_desocupada",	14,"Jalisco","2021","134,089","51,809","78,842","3,299","80,050","32,617","44,687","2,608","54,039","19,193","34,155","691",
"Población_desocupada",	15,"México","2021","445,866","138,360","303,573","3,933","272,070","86,966","181,282","3,821","173,796","51,393","122,291","112",
"Población_desocupada",	16,"Michoacán_de_Ocampo","2021","48,483","16,421","31,341","721","28,181","7,770","19,824","587","20,302","8,650","11,517","135",
"Población_desocupada",	17,"Morelos","2021","19,947","5,341","14,231","358","13,179","3,525","9,441","195","6,769","1,815","4,790","163",
"Población_desocupada",	18,"Nayarit","2021","17,780","5,343","11,777","660","12,285","3,593","8,160","532","5,495","1,750","3,617","128",
"Población_desocupada",	19,"Nuevo_León","2021","128,250","47,588","78,221","2,010","73,881","26,041","45,964","1,558","54,370","21,548","32,257","452",
"Población_desocupada",	20,"Oaxaca","2021","29,347","9,801","19,041","505","19,225","6,485","12,247","493","10,122","3,316","6,794","12",
"Población_desocupada",	21,"Puebla","2021","115,806","35,333","79,214","1,260","70,085","20,952","48,241","892","45,720","14,380","30,973","368",
"Población_desocupada",	22,"Querétaro","2021","57,600","19,294","37,734","500","39,078","13,451","25,102","453","18,522","5,843","12,632","47",
"Población_desocupada",	23,"Quintana_Roo","2021","54,388","15,441","37,679","964","34,556","9,773","23,767","856","19,831","5,668","13,912","108",
"Población_desocupada",	24,"San_Luis_Potosí","2021","43,566","16,151","26,272","1,070","26,225","9,173","16,225","754","17,341","6,978","10,047","316",
"Población_desocupada",	25,"Sinaloa","2021","36,436","13,517","21,849","1,071","21,482","7,070","13,501","911","14,954","6,447","8,348","159",
"Población_desocupada",	26,"Sonora","2021","54,122","20,326","32,791","900","29,863","10,886","18,076","796","24,260","9,441","14,715","104",
"Población_desocupada",	27,"Tabasco","2021","57,865","13,995","43,023","848","35,867","8,027","27,095","745","21,999","5,967","15,928","103",
"Población_desocupada",	28,"Tamaulipas","2021","57,732","21,598","35,051","1,083","36,620","13,112","22,742","766","21,112","8,486","12,309","317",
"Población_desocupada",	29,"Tlaxcala","2021","31,924","10,652","20,815","457","17,596","5,682","11,574","340","14,329","4,970","9,241","118",
"Población_desocupada",	30,"Veracruz_de_Ignacio_de_la_Llave","2021","113,756","41,446","69,990","2,294","72,544","27,858","42,745","1,915","41,212","13,589","27,245","379",
"Población_desocupada",	31,"Yucatán","2021","29,263","10,313","18,222","728","15,418","5,049","9,803","566","13,846","5,264","8,420","162",
"Población_desocupada",	32,"Zacatecas","2021","24,377","8,030","15,818","529","13,286","4,210","8,547","529","11,092","3,820","7,272","0",
"Población_desocupada",	00,"Estados_Unidos_Mexicanos","2020","2,377,688","685,033","1,647,591","43,512","1,527,078","422,114","1,069,438","34,786","850,610","262,920","578,153","8,727",
"Población_desocupada",	01,"Aguascalientes","2020","26,811","9,895","16,717","199","18,000","6,520","11,282","199","8,811","3,375","5,436","0",
"Población_desocupada",	02,"Baja_California","2020","41,641","10,583","30,411","647","28,168","6,067","21,454","647","13,473","4,516","8,957","0",
"Población_desocupada",	03,"Baja_California_Sur","2020","20,315","8,745","11,361","202","11,850","5,168","6,553","129","8,466","3,576","4,808","73",
"Población_desocupada",	04,"Campeche","2020","15,189","3,359","11,677","142","10,554","1,834","8,588","122","4,635","1,526","3,090","20",
"Población_desocupada",	05,"Coahuila_de_Zaragoza","2020","93,834","24,208","69,329","297","72,121","16,319","55,505","297","21,713","7,889","13,824","0",
"Población_desocupada",	06,"Colima","2020","14,264","4,491","9,395","378","8,611","2,554","5,746","312","5,653","1,938","3,649","66",
"Población_desocupada",	07,"Chiapas","2020","61,526","19,921","40,815","790","39,972","13,862","25,332","778","21,554","6,059","15,483","12",
"Población_desocupada",	08,"Chihuahua","2020","72,933","19,635","48,878","4,420","44,879","11,060","33,079","740","28,054","8,575","15,799","3,680",
"Población_desocupada",	09,"Ciudad_de_México","2020","238,116","52,275","178,325","7,516","148,485","33,430","109,938","5,116","89,631","18,845","68,387","2,400",
"Población_desocupada",	10,"Durango","2020","34,803","10,311","24,082","410","24,027","7,042","16,575","410","10,777","3,269","7,508","0",
"Población_desocupada",	11,"Guanajuato","2020","160,202","48,662","107,484","3,845","107,017","30,981","72,204","3,622","53,185","17,681","35,281","224",
"Población_desocupada",	12,"Guerrero","2020","36,360","10,792","25,456","112","20,023","5,571","14,340","112","16,338","5,221","11,117","0",
"Población_desocupada",	13,"Hidalgo","2020","31,382","10,659","20,444","279","20,455","6,737","13,438","279","10,927","3,922","7,006","0",
"Población_desocupada",	14,"Jalisco","2020","154,006","52,437","97,842","3,337","85,515","31,250","50,879","3,151","68,492","21,188","46,963","186",
"Población_desocupada",	15,"México","2020","410,525","104,091","301,062","5,372","262,163","67,347","189,445","5,372","148,361","36,744","111,617","0",
"Población_desocupada",	16,"Michoacán_de_Ocampo","2020","86,005","26,567","57,594","1,780","54,976","5,962","47,234","1,780","31,029","20,606","10,360","0",
"Población_desocupada",	17,"Morelos","2020","18,845","5,123","13,402","286","12,891","2,824","9,960","107","5,954","2,299","3,442","178",
"Población_desocupada",	18,"Nayarit","2020","24,964","5,698","18,984","282","16,501","3,206","13,064","230","8,463","2,492","5,920","52",
"Población_desocupada",	19,"Nuevo_León","2020","115,058","37,838","75,007","1,793","70,191","24,499","44,277","1,415","44,867","13,338","30,730","378",
"Población_desocupada",	20,"Oaxaca","2020","45,092","13,166","31,501","426","30,489","6,386","23,757","346","14,603","6,779","7,744","80",
"Población_desocupada",	21,"Puebla","2020","127,197","43,923","82,419","855","87,871","35,027","51,989","855","39,327","8,896","30,431","0",
"Población_desocupada",	22,"Querétaro","2020","48,985","15,117","33,749","120","35,204","10,577","24,507","120","13,781","4,540","9,241","0",
"Población_desocupada",	23,"Quintana_Roo","2020","52,067","14,625","36,803","321","31,302","8,179","22,576","321","20,765","6,446","14,227","0",
"Población_desocupada",	24,"San_Luis_Potosí","2020","44,529","18,090","25,936","468","26,460","8,220","17,824","416","18,070","9,870","8,112","51",
"Población_desocupada",	25,"Sinaloa","2020","43,118","12,902","29,508","709","30,535","7,485","22,469","582","12,583","5,417","7,039","127",
"Población_desocupada",	26,"Sonora","2020","85,433","24,035","60,831","567","59,761","17,295","41,943","524","25,672","6,740","18,888","44",
"Población_desocupada",	27,"Tabasco","2020","60,903","13,942","43,187","3,774","39,842","9,432","26,793","3,617","21,062","4,510","16,395","158",
"Población_desocupada",	28,"Tamaulipas","2020","49,658","17,055","31,665","939","30,530","9,278","20,352","900","19,129","7,777","11,313","38",
"Población_desocupada",	29,"Tlaxcala","2020","31,139","8,919","21,433","788","16,560","5,341","11,035","184","14,579","3,577","10,398","604",
"Población_desocupada",	30,"Veracruz_de_Ignacio_de_la_Llave","2020","78,862","18,328","58,738","1,796","52,043","10,066","40,414","1,564","26,818","8,262","18,324","232",
"Población_desocupada",	31,"Yucatán","2020","25,490","8,339","16,665","486","15,988","5,790","9,747","451","9,502","2,549","6,918","35",
"Población_desocupada",	32,"Zacatecas","2020","28,438","11,306","16,895","180","14,099","6,808","7,143","90","14,339","4,498","9,751","90",
"Población_desocupada",	00,"Estados_Unidos_Mexicanos","2019","1,980,439","702,719","1,248,473","26,908","1,196,783","420,085","754,754","20,878","783,655","282,634","493,719","6,030",
"Población_desocupada",	01,"Aguascalientes","2019","21,560","8,805","12,578","149","14,148","5,420","8,551","149","7,412","3,385","4,027","0",
"Población_desocupada",	02,"Baja_California","2019","45,702","17,208","27,710","784","29,357","10,656","18,075","626","16,345","6,553","9,635","158",
"Población_desocupada",	03,"Baja_California_Sur","2019","18,316","6,767","11,324","225","9,606","3,601","5,825","180","8,710","3,166","5,499","45",
"Población_desocupada",	04,"Campeche","2019","13,654","3,936","9,552","114","7,463","2,121","5,248","94","6,192","1,815","4,304","20",
"Población_desocupada",	05,"Coahuila_de_Zaragoza","2019","63,799","26,460","36,766","573","38,916","16,401","22,121","394","24,883","10,060","14,645","179",
"Población_desocupada",	06,"Colima","2019","13,263","4,760","8,155","347","6,734","2,404","4,041","290","6,529","2,357","4,115","58",
"Población_desocupada",	07,"Chiapas","2019","66,563","24,326","41,275","962","37,633","12,720","23,951","962","28,930","11,606","17,325","0",
"Población_desocupada",	08,"Chihuahua","2019","51,541","19,035","32,182","324","30,335","10,369","19,727","239","21,206","8,666","12,455","85",
"Población_desocupada",	09,"Ciudad_de_México","2019","236,486","70,781","159,733","5,973","137,308","41,144","92,511","3,653","99,178","29,637","67,222","2,320",
"Población_desocupada",	10,"Durango","2019","32,213","11,948","19,839","427","19,261","7,037","11,798","427","12,951","4,911","8,041","0",
"Población_desocupada",	11,"Guanajuato","2019","100,818","39,995","59,503","1,320","61,994","23,244","37,492","1,259","38,824","16,751","22,012","62",
"Población_desocupada",	12,"Guerrero","2019","22,537","7,344","14,691","502","13,974","4,222","9,250","502","8,562","3,122","5,441","0",
"Población_desocupada",	13,"Hidalgo","2019","32,800","13,053","19,546","202","17,918","7,949","9,935","35","14,882","5,105","9,611","167",
"Población_desocupada",	14,"Jalisco","2019","114,369","46,663","65,310","1,188","72,506","29,074","41,969","655","41,862","17,589","23,340","533",
"Población_desocupada",	15,"México","2019","342,429","102,026","236,692","3,321","208,873","63,123","143,656","2,094","133,556","38,904","93,036","1,227",
"Población_desocupada",	16,"Michoacán_de_Ocampo","2019","57,108","21,881","34,460","767","35,786","14,145","20,875","767","21,322","7,736","13,585","0",
"Población_desocupada",	17,"Morelos","2019","19,585","5,486","13,349","750","13,537","3,411","9,460","666","6,049","2,075","3,889","85",
"Población_desocupada",	18,"Nayarit","2019","23,160","7,732","14,676","752","14,192","4,480","9,049","663","8,968","3,253","5,627","89",
"Población_desocupada",	19,"Nuevo_León","2019","94,866","44,404","49,028","1,263","61,761","29,065","31,526","1,170","33,105","15,339","17,502","93",
"Población_desocupada",	20,"Oaxaca","2019","32,496","11,125","20,979","392","19,649","6,494","12,829","326","12,847","4,631","8,150","66",
"Población_desocupada",	21,"Puebla","2019","78,502","25,042","52,970","490","45,040","14,341","30,301","398","33,462","10,701","22,669","92",
"Población_desocupada",	22,"Querétaro","2019","41,966","13,884","27,709","223","29,412","9,343","19,787","132","12,555","4,541","7,923","91",
"Población_desocupada",	23,"Quintana_Roo","2019","28,527","10,198","18,147","108","18,162","7,172","10,882","108","10,365","3,026","7,265","0",
"Población_desocupada",	24,"San_Luis_Potosí","2019","33,044","13,387","19,078","486","20,008","7,844","11,727","391","13,036","5,543","7,351","95",
"Población_desocupada",	25,"Sinaloa","2019","45,020","16,724","27,024","1,272","28,017","9,483","17,320","1,215","17,003","7,242","9,705","57",
"Población_desocupada",	26,"Sonora","2019","60,422","24,466","35,332","623","37,240","14,972","21,685","583","23,182","9,494","13,647","40",
"Población_desocupada",	27,"Tabasco","2019","71,836","19,875","51,167","795","42,406","10,463","31,149","795","29,430","9,412","20,018","0",
"Población_desocupada",	28,"Tamaulipas","2019","56,694","23,520","32,702","473","31,631","13,779","17,462","389","25,064","9,740","15,240","84",
"Población_desocupada",	29,"Tlaxcala","2019","22,695","8,217","14,242","236","11,579","4,453","6,996","131","11,116","3,764","7,247","105",
"Población_desocupada",	30,"Veracruz_de_Ignacio_de_la_Llave","2019","96,329","36,239","58,429","1,491","59,698","21,603","36,842","1,220","36,632","14,636","21,588","271",
"Población_desocupada",	31,"Yucatán","2019","21,489","8,633","12,640","217","10,409","4,066","6,126","217","11,081","4,567","6,514","0",
"Población_desocupada",	32,"Zacatecas","2019","20,654","8,804","11,688","163","12,234","5,491","6,590","152","8,420","3,312","5,098","11",
"Población_desocupada",	00,"Estados_Unidos_Mexicanos","2018","1,809,729","648,594","1,134,162","25,138","1,086,667","396,412","669,140","20,159","723,062","252,182","465,022","4,979",
"Población_desocupada",	01,"Aguascalientes","2018","20,344","8,789","11,375","181","12,834","5,372","7,302","160","7,510","3,417","4,073","20",
"Población_desocupada",	02,"Baja_California","2018","44,527","18,525","25,427","575","27,065","10,616","16,004","446","17,461","7,909","9,424","129",
"Población_desocupada",	03,"Baja_California_Sur","2018","14,347","5,483","8,665","200","7,692","3,186","4,344","163","6,655","2,297","4,321","37",
"Población_desocupada",	04,"Campeche","2018","12,817","4,029","8,678","110","7,800","2,300","5,390","110","5,017","1,729","3,288","0",
"Población_desocupada",	05,"Coahuila_de_Zaragoza","2018","56,719","21,809","33,673","1,237","35,096","13,794","20,350","951","21,624","8,015","13,323","286",
"Población_desocupada",	06,"Colima","2018","11,913","4,194","7,536","183","6,672","2,382","4,107","183","5,242","1,813","3,429","0",
"Población_desocupada",	07,"Chiapas","2018","53,293","18,942","33,718","633","33,291","12,136","20,522","633","20,002","6,806","13,196","0",
"Población_desocupada",	08,"Chihuahua","2018","52,733","19,022","32,928","784","29,779","10,834","18,263","682","22,955","8,188","14,665","102",
"Población_desocupada",	09,"Ciudad_de_México","2018","215,194","60,239","148,995","5,959","123,172","37,953","81,112","4,107","92,022","22,286","67,884","1,852",
"Población_desocupada",	10,"Durango","2018","33,557","12,870","20,142","525","19,294","7,678","11,153","462","14,263","5,192","8,988","63",
"Población_desocupada",	11,"Guanajuato","2018","96,838","41,118","55,114","606","62,965","27,301","35,095","569","33,873","13,817","20,019","37",
"Población_desocupada",	12,"Guerrero","2018","17,329","5,340","11,799","191","9,704","3,358","6,155","191","7,625","1,982","5,643","0",
"Población_desocupada",	13,"Hidalgo","2018","32,644","11,226","20,700","718","17,677","5,982","10,977","718","14,967","5,245","9,722","0",
"Población_desocupada",	14,"Jalisco","2018","101,578","41,417","59,221","646","65,401","27,867","36,756","568","36,178","13,551","22,464","78",
"Población_desocupada",	15,"México","2018","295,792","101,780","190,681","3,332","166,050","59,198","104,082","2,771","129,742","42,582","86,599","561",
"Población_desocupada",	16,"Michoacán_de_Ocampo","2018","44,275","17,586","26,405","285","25,502","9,160","16,058","285","18,773","8,426","10,347","0",
"Población_desocupada",	17,"Morelos","2018","17,716","4,255","12,592","870","12,554","2,917","8,855","783","5,162","1,339","3,737","87",
"Población_desocupada",	18,"Nayarit","2018","23,119","8,016","14,301","802","15,427","4,923","9,918","587","7,691","3,093","4,383","216",
"Población_desocupada",	19,"Nuevo_León","2018","91,893","38,583","50,796","1,685","57,958","26,604","29,697","1,065","33,935","11,979","21,099","620",
"Población_desocupada",	20,"Oaxaca","2018","26,694","8,747","17,467","480","14,859","4,077","10,382","400","11,835","4,670","7,085","80",
"Población_desocupada",	21,"Puebla","2018","73,026","26,136","46,504","387","45,823","14,873","30,563","387","27,203","11,263","15,941","0",
"Población_desocupada",	22,"Querétaro","2018","35,528","12,513","22,937","78","24,701","8,104","16,520","78","10,827","4,409","6,418","0",
"Población_desocupada",	23,"Quintana_Roo","2018","24,828","10,789","13,658","338","15,862","6,865","8,767","231","8,966","3,924","4,891","107",
"Población_desocupada",	24,"San_Luis_Potosí","2018","30,443","12,989","16,705","422","18,968","7,807","10,628","379","11,474","5,182","6,078","43",
"Población_desocupada",	25,"Sinaloa","2018","43,489","16,311","26,543","636","24,544","9,734","14,174","636","18,946","6,576","12,369","0",
"Población_desocupada",	26,"Sonora","2018","50,652","20,611","29,572","470","29,507","11,422","17,615","470","21,145","9,189","11,957","0",
"Población_desocupada",	27,"Tabasco","2018","69,756","19,746","49,614","396","45,863","12,701","32,777","385","23,893","7,045","16,837","12",
"Población_desocupada",	28,"Tamaulipas","2018","62,140","26,119","35,129","892","33,470","15,040","17,811","619","28,670","11,080","17,318","272",
"Población_desocupada",	29,"Tlaxcala","2018","21,520","8,037","13,121","362","11,652","4,544","6,828","280","9,868","3,493","6,293","82",
"Población_desocupada",	30,"Veracruz_de_Ignacio_de_la_Llave","2018","96,199","27,415","67,745","754","63,426","18,600","44,302","524","32,773","8,815","23,444","230",
"Población_desocupada",	31,"Yucatán","2018","19,651","7,650","11,860","104","10,828","4,457","6,267","104","8,822","3,193","5,593","0",
"Población_desocupada",	32,"Zacatecas","2018","19,179","8,311","10,567","301","11,233","4,630","6,368","235","7,945","3,681","4,199","66",
"Población_desocupada",	00,"Estados_Unidos_Mexicanos","2017","1,839,811","646,125","1,166,862","25,578","1,100,237","383,533","694,410","21,695","739,574","262,591","472,452","3,884",
"Población_desocupada",	01,"Aguascalientes","2017","20,784","7,940","12,618","120","13,677","4,956","8,550","101","7,107","2,984","4,068","19",
"Población_desocupada",	02,"Baja_California","2017","48,869","15,870","32,141","857","30,981","9,459","20,885","638","17,887","6,411","11,257","220",
"Población_desocupada",	03,"Baja_California_Sur","2017","15,825","6,450","9,176","199","8,086","3,344","4,556","185","7,739","3,105","4,620","14",
"Población_desocupada",	04,"Campeche","2017","14,577","4,136","10,347","94","9,253","2,332","6,827","94","5,324","1,804","3,520","0",
"Población_desocupada",	05,"Coahuila_de_Zaragoza","2017","58,938","25,115","33,076","747","33,877","14,586","18,752","539","25,061","10,528","14,325","208",
"Población_desocupada",	06,"Colima","2017","12,762","4,487","8,049","226","7,128","2,296","4,636","196","5,634","2,191","3,413","30",
"Población_desocupada",	07,"Chiapas","2017","48,661","16,264","31,985","411","31,589","9,456","21,722","411","17,071","6,808","10,263","0",
"Población_desocupada",	08,"Chihuahua","2017","42,941","17,685","24,024","1,232","26,648","11,855","13,594","1,200","16,293","5,831","10,430","32",
"Población_desocupada",	09,"Ciudad_de_México","2017","207,712","59,133","145,170","3,130","111,006","32,865","75,587","2,554","96,706","26,268","69,583","576",
"Población_desocupada",	10,"Durango","2017","28,955","11,467","16,964","524","16,223","6,381","9,386","456","12,733","5,087","7,578","68",
"Población_desocupada",	11,"Guanajuato","2017","93,112","33,157","58,788","1,168","61,016","22,057","37,837","1,123","32,096","11,100","20,951","45",
"Población_desocupada",	12,"Guerrero","2017","23,255","7,581","15,027","647","14,253","4,575","9,095","583","9,002","3,005","5,932","65",
"Población_desocupada",	13,"Hidalgo","2017","35,287","12,169","22,457","661","20,568","6,421","13,516","631","14,719","5,748","8,940","31",
"Población_desocupada",	14,"Jalisco","2017","104,604","41,876","61,306","1,303","63,874","26,861","36,028","985","40,730","15,015","25,278","317",
"Población_desocupada",	15,"México","2017","290,633","89,930","196,587","4,115","169,361","51,251","114,779","3,332","121,272","38,680","81,808","784",
"Población_desocupada",	16,"Michoacán_de_Ocampo","2017","50,168","18,423","31,468","278","29,538","10,536","18,747","255","20,631","7,887","12,721","23",
"Población_desocupada",	17,"Morelos","2017","16,882","5,003","11,577","302","11,396","3,485","7,610","302","5,486","1,519","3,967","0",
"Población_desocupada",	18,"Nayarit","2017","20,172","6,817","12,903","453","12,690","3,930","8,397","363","7,483","2,887","4,506","90",
"Población_desocupada",	19,"Nuevo_León","2017","95,087","43,387","49,877","1,465","57,541","25,791","30,565","932","37,546","17,596","19,311","533",
"Población_desocupada",	20,"Oaxaca","2017","35,655","11,829","23,243","482","22,283","7,537","14,212","461","13,371","4,292","9,031","22",
"Población_desocupada",	21,"Puebla","2017","78,159","25,259","51,441","1,460","43,599","12,402","29,831","1,366","34,560","12,856","21,610","94",
"Población_desocupada",	22,"Querétaro","2017","38,069","13,133","24,752","184","27,833","9,220","18,430","184","10,235","3,914","6,322","0",
"Población_desocupada",	23,"Quintana_Roo","2017","27,245","9,921","16,553","603","16,037","5,880","9,503","566","11,208","4,042","7,050","37",
"Población_desocupada",	24,"San_Luis_Potosí","2017","28,624","11,659","16,701","218","18,660","7,093","11,344","178","9,963","4,566","5,357","41",
"Población_desocupada",	25,"Sinaloa","2017","49,574","20,948","27,864","761","29,490","12,368","16,423","699","20,084","8,580","11,442","62",
"Población_desocupada",	26,"Sonora","2017","50,461","21,729","28,297","435","27,401","11,352","15,649","401","23,060","10,377","12,648","35",
"Población_desocupada",	27,"Tabasco","2017","66,440","19,351","45,855","1,235","43,185","12,257","29,694","1,235","23,256","7,094","16,162","0",
"Población_desocupada",	28,"Tamaulipas","2017","64,983","25,458","38,426","1,099","36,242","13,289","22,115","838","28,741","12,169","16,311","261",
"Población_desocupada",	29,"Tlaxcala","2017","21,220","6,871","14,013","336","10,842","3,228","7,401","213","10,378","3,644","6,612","123",
"Población_desocupada",	30,"Veracruz_de_Ignacio_de_la_Llave","2017","110,084","35,701","74,020","295","73,197","26,290","46,621","218","36,887","9,411","27,399","77",
"Población_desocupada",	31,"Yucatán","2017","21,916","9,929","11,745","242","11,975","5,852","5,919","203","9,941","4,077","5,825","39",
"Población_desocupada",	32,"Zacatecas","2017","18,164","7,449","10,418","298","10,791","4,332","6,202","257","7,374","3,117","4,215","41",
"Población_desocupada",	00,"Estados_Unidos_Mexicanos","2016","2,052,305","724,913","1,301,727","24,864","1,255,738","434,151","798,566","22,504","796,568","290,762","503,162","2,360",
"Población_desocupada",	01,"Aguascalientes","2016","22,570","9,338","13,156","43","14,272","5,788","8,407","43","8,298","3,550","4,748","0",
"Población_desocupada",	02,"Baja_California","2016","44,207","16,293","27,103","811","27,232","9,022","17,545","665","16,975","7,271","9,558","146",
"Población_desocupada",	03,"Baja_California_Sur","2016","16,239","6,395","9,682","162","9,275","3,922","5,241","112","6,964","2,473","4,441","50",
"Población_desocupada",	04,"Campeche","2016","14,143","3,551","10,517","76","8,701","2,265","6,360","76","5,442","1,285","4,157","0",
"Población_desocupada",	05,"Coahuila_de_Zaragoza","2016","58,848","24,636","33,217","996","33,508","15,160","17,382","966","25,340","9,476","15,835","29",
"Población_desocupada",	06,"Colima","2016","14,137","4,972","8,873","293","8,078","2,755","5,064","259","6,060","2,217","3,808","35",
"Población_desocupada",	07,"Chiapas","2016","59,344","20,459","37,901","983","40,839","12,174","27,683","983","18,504","8,286","10,219","0",
"Población_desocupada",	08,"Chihuahua","2016","49,797","17,473","31,854","470","32,053","11,323","20,260","470","17,745","6,151","11,594","0",
"Población_desocupada",	09,"Ciudad_de_México","2016","227,272","69,712","153,685","3,875","133,899","41,179","89,057","3,664","93,372","28,533","64,628","211",
"Población_desocupada",	10,"Durango","2016","34,356","13,708","20,443","206","20,054","7,971","11,892","191","14,302","5,738","8,550","14",
"Población_desocupada",	11,"Guanajuato","2016","103,534","36,576","66,493","465","61,629","21,702","39,528","399","41,905","14,874","26,965","67",
"Población_desocupada",	12,"Guerrero","2016","28,413","9,551","18,362","500","18,552","6,393","11,787","372","9,861","3,159","6,574","128",
"Población_desocupada",	13,"Hidalgo","2016","38,663","13,367","25,059","237","23,038","6,718","16,110","209","15,625","6,649","8,949","27",
"Población_desocupada",	14,"Jalisco","2016","131,944","49,982","81,220","468","82,491","31,826","50,008","468","49,454","18,156","31,213","0",
"Población_desocupada",	15,"México","2016","366,839","124,408","238,233","4,197","227,664","79,321","144,146","4,197","139,175","45,088","94,087","0",
"Población_desocupada",	16,"Michoacán_de_Ocampo","2016","53,746","17,448","34,747","1,551","34,200","10,478","22,172","1,551","19,545","6,970","12,575","0",
"Población_desocupada",	17,"Morelos","2016","21,177","5,858","14,846","474","14,584","3,704","10,537","343","6,593","2,153","4,310","130",
"Población_desocupada",	18,"Nayarit","2016","21,918","8,149","13,208","562","12,779","4,311","7,928","541","9,140","3,838","5,281","21",
"Población_desocupada",	19,"Nuevo_León","2016","104,780","46,213","57,301","1,096","59,638","26,057","32,646","849","45,142","20,156","24,655","247",
"Población_desocupada",	20,"Oaxaca","2016","32,382","12,458","19,612","313","20,556","6,905","13,391","260","11,826","5,553","6,221","53",
"Población_desocupada",	21,"Puebla","2016","80,970","33,387","47,069","514","48,669","18,227","30,026","416","32,301","15,160","17,043","98",
"Población_desocupada",	22,"Querétaro","2016","38,151","13,516","24,411","224","28,105","9,835","18,045","224","10,047","3,681","6,366","0",
"Población_desocupada",	23,"Quintana_Roo","2016","27,377","8,521","18,214","425","17,233","5,181","11,622","328","10,144","3,340","6,592","97",
"Población_desocupada",	24,"San_Luis_Potosí","2016","29,511","11,788","17,373","350","17,735","6,715","10,706","314","11,776","5,074","6,667","36",
"Población_desocupada",	25,"Sinaloa","2016","50,213","19,676","29,698","733","27,215","10,714","15,883","512","22,998","8,962","13,815","221",
"Población_desocupada",	26,"Sonora","2016","67,099","27,396","38,867","836","33,849","13,925","19,403","521","33,250","13,471","19,464","315",
"Población_desocupada",	27,"Tabasco","2016","72,148","21,667","49,528","953","46,959","13,521","32,499","940","25,189","8,146","17,030","14",
"Población_desocupada",	28,"Tamaulipas","2016","72,894","23,882","47,506","1,506","38,511","12,044","25,233","1,234","34,383","11,838","22,273","272",
"Población_desocupada",	29,"Tlaxcala","2016","23,071","7,556","15,168","347","12,150","4,319","7,485","347","10,921","3,238","7,683","0",
"Población_desocupada",	30,"Veracruz_de_Ignacio_de_la_Llave","2016","107,701","31,955","74,961","785","80,245","21,959","57,557","729","27,456","9,996","17,405","56",
"Población_desocupada",	31,"Yucatán","2016","20,710","7,826","12,643","242","11,150","4,498","6,448","203","9,561","3,328","6,195","38",
"Población_desocupada",	32,"Zacatecas","2016","18,155","7,201","10,779","176","10,878","4,245","6,514","119","7,277","2,956","4,265","56",
"Población_desocupada",	00,"Estados_Unidos_Mexicanos","2015","2,257,112","816,598","1,410,488","29,714","1,368,837","481,419","860,928","26,295","888,274","335,179","549,561","3,420",
"Población_desocupada",	01,"Aguascalientes","2015","24,513","10,476","13,776","246","16,599","6,885","9,490","208","7,915","3,591","4,286","37",
"Población_desocupada",	02,"Baja_California","2015","66,510","22,745","42,925","840","43,923","15,148","28,113","663","22,587","7,597","14,813","177",
"Población_desocupada",	03,"Baja_California_Sur","2015","16,580","6,576","9,700","305","9,264","3,667","5,292","305","7,316","2,909","4,408","0",
"Población_desocupada",	04,"Campeche","2015","10,981","3,169","7,771","41","7,006","1,996","4,969","41","3,975","1,173","2,802","0",
"Población_desocupada",	05,"Coahuila_de_Zaragoza","2015","66,069","28,326","37,129","613","36,969","16,671","19,723","575","29,100","11,656","17,406","39",
"Población_desocupada",	06,"Colima","2015","15,919","5,827","9,776","317","8,788","3,369","5,103","317","7,131","2,458","4,673","0",
"Población_desocupada",	07,"Chiapas","2015","58,834","20,665","37,574","595","40,551","14,191","25,766","595","18,283","6,474","11,808","0",
"Población_desocupada",	08,"Chihuahua","2015","57,292","19,929","36,401","963","37,935","12,493","24,479","963","19,357","7,435","11,922","0",
"Población_desocupada",	09,"Ciudad_de_México","2015","239,521","75,692","160,039","3,791","130,155","41,487","85,159","3,508","109,367","34,205","74,879","283",
"Población_desocupada",	10,"Durango","2015","36,481","15,538","20,540","403","22,253","9,781","12,119","353","14,228","5,757","8,421","51",
"Población_desocupada",	11,"Guanajuato","2015","119,362","48,430","70,050","882","73,802","29,875","43,104","823","45,560","18,556","26,946","59",
"Población_desocupada",	12,"Guerrero","2015","28,797","10,941","17,001","855","16,528","6,188","9,486","855","12,269","4,754","7,515","0",
"Población_desocupada",	13,"Hidalgo","2015","48,214","17,217","30,565","432","26,648","9,971","16,245","432","21,566","7,246","14,320","0",
"Población_desocupada",	14,"Jalisco","2015","165,823","61,767","101,466","2,591","98,286","36,701","59,407","2,178","67,537","25,066","42,059","413",
"Población_desocupada",	15,"México","2015","390,115","134,395","252,565","3,155","236,550","77,091","156,527","2,932","153,565","57,304","96,038","223",
"Población_desocupada",	16,"Michoacán_de_Ocampo","2015","60,595","21,782","38,036","753","37,712","11,736","25,199","753","22,883","10,047","12,837","0",
"Población_desocupada",	17,"Morelos","2015","25,734","7,729","17,063","850","18,375","5,495","11,994","824","7,359","2,235","5,069","26",
"Población_desocupada",	18,"Nayarit","2015","29,340","10,980","17,715","645","18,246","6,509","11,187","550","11,094","4,471","6,528","95",
"Población_desocupada",	19,"Nuevo_León","2015","108,597","48,781","58,161","1,570","61,828","27,009","33,798","1,021","46,769","21,772","24,362","550",
"Población_desocupada",	20,"Oaxaca","2015","47,820","16,943","29,873","1,004","30,057","9,565","19,488","1,004","17,763","7,378","10,385","0",
"Población_desocupada",	21,"Puebla","2015","85,150","34,630","49,596","925","49,420","19,575","29,011","833","35,731","15,055","20,585","91",
"Población_desocupada",	22,"Querétaro","2015","39,651","13,877","25,149","625","29,008","9,314","19,097","597","10,643","4,563","6,052","28",
"Población_desocupada",	23,"Quintana_Roo","2015","31,841","12,270","19,266","211","19,032","7,207","11,549","181","12,810","5,063","7,717","30",
"Población_desocupada",	24,"San_Luis_Potosí","2015","34,301","13,755","20,260","285","20,836","8,044","12,552","239","13,465","5,711","7,708","46",
"Población_desocupada",	25,"Sinaloa","2015","56,877","23,476","33,023","378","33,390","13,905","19,107","378","23,488","9,571","13,917","0",
"Población_desocupada",	26,"Sonora","2015","64,820","24,958","39,091","772","35,614","14,537","20,442","635","29,206","10,421","18,649","137",
"Población_desocupada",	27,"Tabasco","2015","63,563","19,758","42,762","1,043","43,416","12,401","30,084","932","20,147","7,358","12,678","112",
"Población_desocupada",	28,"Tamaulipas","2015","72,724","27,367","44,417","941","39,723","13,991","24,899","833","33,002","13,376","19,518","108",
"Población_desocupada",	29,"Tlaxcala","2015","26,638","9,464","17,071","103","14,449","5,427","8,975","47","12,189","4,037","8,096","56",
"Población_desocupada",	30,"Veracruz_de_Ignacio_de_la_Llave","2015","115,579","31,324","81,649","2,607","82,947","20,027","61,080","1,840","32,632","11,297","20,569","767",
"Población_desocupada",	31,"Yucatán","2015","26,410","9,873","16,198","339","14,947","6,351","8,297","299","11,463","3,522","7,901","40",
"Población_desocupada",	32,"Zacatecas","2015","22,467","7,943","13,887","637","14,586","4,815","9,188","583","7,881","3,128","4,699","54",
"Población_desocupada",	00,"Estados_Unidos_Mexicanos","2014","2,473,350","911,456","1,529,047","32,698","1,528,297","549,296","950,947","27,906","945,053","362,160","578,101","4,792",
"Población_desocupada",	01,"Aguascalientes","2014","32,043","14,886","16,934","224","20,910","9,662","11,071","176","11,134","5,223","5,863","48",
"Población_desocupada",	02,"Baja_California","2014","89,355","36,679","51,618","1,058","58,243","22,660","34,704","880","31,112","14,019","16,914","179",
"Población_desocupada",	03,"Baja_California_Sur","2014","19,962","7,183","12,550","229","10,980","3,777","7,031","173","8,982","3,407","5,520","56",
"Población_desocupada",	04,"Campeche","2014","10,619","3,733","6,810","77","6,683","2,157","4,450","77","3,936","1,576","2,360","0",
"Población_desocupada",	05,"Coahuila_de_Zaragoza","2014","69,455","28,232","40,318","905","42,199","16,754","24,637","809","27,256","11,478","15,681","96",
"Población_desocupada",	06,"Colima","2014","16,002","6,048","9,446","508","9,177","3,156","5,565","456","6,825","2,892","3,881","52",
"Población_desocupada",	07,"Chiapas","2014","57,783","20,008","37,077","697","39,790","14,599","24,515","676","17,993","5,409","12,563","21",
"Población_desocupada",	08,"Chihuahua","2014","63,491","23,144","40,008","339","39,284","14,211","24,734","339","24,208","8,934","15,274","0",
"Población_desocupada",	09,"Ciudad_de_México","2014","289,410","83,752","200,746","4,912","167,283","46,776","116,413","4,095","122,127","36,976","84,333","818",
"Población_desocupada",	10,"Durango","2014","41,538","18,311","22,905","322","23,755","10,669","12,765","322","17,783","7,643","10,140","0",
"Población_desocupada",	11,"Guanajuato","2014","120,373","50,537","68,264","1,572","72,705","28,329","42,942","1,434","47,668","22,208","25,322","138",
"Población_desocupada",	12,"Guerrero","2014","27,292","12,007","14,975","310","15,411","6,668","8,434","310","11,881","5,340","6,541","0",
"Población_desocupada",	13,"Hidalgo","2014","51,278","20,648","29,905","726","30,656","12,466","17,489","701","20,623","8,182","12,416","25",
"Población_desocupada",	14,"Jalisco","2014","177,779","71,527","103,974","2,278","112,012","44,515","65,481","2,016","65,768","27,013","38,493","263",
"Población_desocupada",	15,"México","2014","415,206","142,023","269,581","3,602","274,890","95,093","177,275","2,523","140,316","46,930","92,306","1,080",
"Población_desocupada",	16,"Michoacán_de_Ocampo","2014","65,363","22,138","42,080","1,145","40,107","13,084","25,934","1,089","25,257","9,054","16,146","56",
"Población_desocupada",	17,"Morelos","2014","31,364","11,105","19,842","417","20,282","6,808","13,058","417","11,082","4,298","6,784","0",
"Población_desocupada",	18,"Nayarit","2014","29,936","10,731","18,629","577","18,728","6,112","12,051","565","11,209","4,619","6,579","11",
"Población_desocupada",	19,"Nuevo_León","2014","120,476","53,654","64,643","2,180","69,759","30,755","37,731","1,274","50,718","22,900","26,912","906",
"Población_desocupada",	20,"Oaxaca","2014","47,853","14,252","32,057","1,445","32,604","8,668","22,462","1,375","15,249","5,584","9,595","70",
"Población_desocupada",	21,"Puebla","2014","102,921","39,213","62,749","960","64,027","21,347","41,806","875","38,893","17,866","20,943","85",
"Población_desocupada",	22,"Querétaro","2014","46,079","17,530","28,168","381","34,503","12,350","21,812","341","11,577","5,180","6,357","40",
"Población_desocupada",	23,"Quintana_Roo","2014","37,873","13,894","23,542","387","21,713","7,629","13,647","387","16,160","6,265","9,895","0",
"Población_desocupada",	24,"San_Luis_Potosí","2014","34,809","15,535","18,740","534","21,914","9,699","11,832","383","12,895","5,836","6,908","152",
"Población_desocupada",	25,"Sinaloa","2014","66,239","25,940","38,884","1,415","37,420","14,865","21,287","1,268","28,819","11,075","17,597","147",
"Población_desocupada",	26,"Sonora","2014","72,408","26,573","45,189","647","38,506","14,843","23,178","485","33,902","11,730","22,011","162",
"Población_desocupada",	27,"Tabasco","2014","61,149","21,390","39,128","631","39,125","13,952","24,652","521","22,024","7,438","14,476","111",
"Población_desocupada",	28,"Tamaulipas","2014","79,396","33,392","44,626","1,379","43,960","18,624","24,099","1,237","35,436","14,768","20,527","142",
"Población_desocupada",	29,"Tlaxcala","2014","28,735","10,126","18,219","390","15,550","5,858","9,328","365","13,184","4,268","8,891","25",
"Población_desocupada",	30,"Veracruz_de_Ignacio_de_la_Llave","2014","111,469","35,457","74,279","1,733","73,154","20,534","50,887","1,733","38,315","14,923","23,392","0",
"Población_desocupada",	31,"Yucatán","2014","26,364","10,661","15,457","246","13,940","5,935","7,760","246","12,423","4,727","7,697","0",
"Población_desocupada",	32,"Zacatecas","2014","29,334","11,149","17,710","475","19,031","6,746","11,923","363","10,303","4,403","5,787","113",
"Población_desocupada",	00,"Estados_Unidos_Mexicanos","2013","2,521,328","933,094","1,551,095","36,663","1,546,968","551,453","963,346","31,731","974,360","381,641","587,749","4,932",
"Población_desocupada",	01,"Aguascalientes","2013","29,316","12,160","16,863","294","19,505","7,735","11,476","294","9,812","4,425","5,387","0",
"Población_desocupada",	02,"Baja_California","2013","83,945","32,723","50,340","883","52,834","21,097","30,989","748","31,112","11,626","19,351","135",
"Población_desocupada",	03,"Baja_California_Sur","2013","18,034","7,063","10,765","206","10,673","4,092","6,375","206","7,361","2,972","4,390","0",
"Población_desocupada",	04,"Campeche","2013","9,366","3,655","5,683","28","4,916","2,021","2,867","28","4,451","1,635","2,816","0",
"Población_desocupada",	05,"Coahuila_de_Zaragoza","2013","71,800","30,585","40,169","1,047","42,266","18,184","23,111","971","29,534","12,401","17,058","76",
"Población_desocupada",	06,"Colima","2013","17,417","5,869","11,101","448","10,112","3,089","6,646","378","7,305","2,780","4,455","71",
"Población_desocupada",	07,"Chiapas","2013","56,422","20,209","35,683","530","38,338","13,724","24,084","530","18,084","6,485","11,599","0",
"Población_desocupada",	08,"Chihuahua","2013","78,077","30,352","47,253","472","50,308","19,188","30,648","472","27,769","11,164","16,605","0",
"Población_desocupada",	09,"Ciudad_de_México","2013","274,543","80,986","189,270","4,287","154,946","45,282","106,014","3,649","119,597","35,704","83,255","638",
"Población_desocupada",	10,"Durango","2013","42,079","17,126","24,105","848","26,661","10,968","14,950","743","15,418","6,158","9,156","105",
"Población_desocupada",	11,"Guanajuato","2013","142,165","62,984","77,589","1,592","86,161","36,882","47,970","1,309","56,005","26,102","29,619","283",
"Población_desocupada",	12,"Guerrero","2013","34,457","13,420","20,399","638","19,683","7,645","11,453","585","14,774","5,775","8,946","53",
"Población_desocupada",	13,"Hidalgo","2013","58,814","19,263","38,460","1,091","35,632","10,067","24,474","1,091","23,182","9,196","13,987","0",
"Población_desocupada",	14,"Jalisco","2013","167,143","69,895","95,173","1,976","108,437","44,783","61,677","1,877","58,706","25,112","33,496","99",
"Población_desocupada",	15,"México","2013","399,871","129,175","264,580","6,116","252,084","76,680","171,025","4,380","147,786","52,495","93,555","1,736",
"Población_desocupada",	16,"Michoacán_de_Ocampo","2013","80,393","31,654","46,910","1,829","52,726","20,315","30,853","1,558","27,667","11,339","16,057","271",
"Población_desocupada",	17,"Morelos","2013","33,089","10,686","22,093","285","21,497","5,725","15,554","218","11,592","4,961","6,539","67",
"Población_desocupada",	18,"Nayarit","2013","27,918","9,886","17,559","473","17,369","6,081","10,856","432","10,549","3,805","6,703","41",
"Población_desocupada",	19,"Nuevo_León","2013","128,602","55,767","70,985","1,551","72,764","30,039","41,327","1,100","55,839","25,728","29,659","452",
"Población_desocupada",	20,"Oaxaca","2013","45,581","13,304","31,320","944","28,940","8,213","19,797","931","16,640","5,091","11,523","13",
"Población_desocupada",	21,"Puebla","2013","107,158","39,570","65,391","2,198","64,294","20,974","41,122","2,198","42,865","18,596","24,269","0",
"Población_desocupada",	22,"Querétaro","2013","42,784","15,602","26,608","574","31,641","11,157","20,040","444","11,142","4,445","6,568","130",
"Población_desocupada",	23,"Quintana_Roo","2013","32,782","12,402","19,963","376","19,064","7,078","11,569","376","13,718","5,324","8,394","0",
"Población_desocupada",	24,"San_Luis_Potosí","2013","38,463","17,175","20,784","504","23,614","10,614","12,591","409","14,849","6,561","8,193","95",
"Población_desocupada",	25,"Sinaloa","2013","64,284","27,083","36,652","549","35,827","14,008","21,294","526","28,458","13,076","15,359","23",
"Población_desocupada",	26,"Sonora","2013","70,053","27,205","41,514","1,334","39,943","14,515","24,094","1,334","30,110","12,690","17,420","0",
"Población_desocupada",	27,"Tabasco","2013","62,522","21,309","40,246","968","39,884","12,736","26,272","877","22,638","8,573","13,975","91",
"Población_desocupada",	28,"Tamaulipas","2013","103,502","43,142","58,488","1,872","58,188","25,242","31,320","1,626","45,314","17,900","27,168","246",
"Población_desocupada",	29,"Tlaxcala","2013","29,741","11,585","17,858","298","16,713","6,611","9,836","267","13,028","4,975","8,022","32",
"Población_desocupada",	30,"Veracruz_de_Ignacio_de_la_Llave","2013","111,848","38,065","72,262","1,521","77,486","24,058","52,168","1,261","34,361","14,007","20,094","260",
"Población_desocupada",	31,"Yucatán","2013","30,621","12,391","17,779","451","15,854","6,662","8,741","451","14,767","5,729","9,038","0",
"Población_desocupada",	32,"Zacatecas","2013","28,543","10,808","17,254","481","18,614","5,992","12,158","464","9,930","4,816","5,097","17",
"Población_desocupada",	00,"Estados_Unidos_Mexicanos","2012","2,482,300","950,777","1,496,284","34,542","1,535,175","575,528","928,195","30,988","947,124","375,249","568,089","3,554",
"Población_desocupada",	01,"Aguascalientes","2012","31,771","12,952","18,529","290","21,853","9,020","12,566","268","9,918","3,933","5,963","22",
"Población_desocupada",	02,"Baja_California","2012","94,261","34,046","58,961","1,254","62,029","22,221","38,636","1,172","32,232","11,825","20,326","82",
"Población_desocupada",	03,"Baja_California_Sur","2012","17,301","7,424","9,774","104","9,574","4,371","5,147","56","7,727","3,052","4,626","48",
"Población_desocupada",	04,"Campeche","2012","8,289","3,363","4,873","52","4,939","2,077","2,820","43","3,350","1,287","2,054","10",
"Población_desocupada",	05,"Coahuila_de_Zaragoza","2012","69,709","30,862","37,596","1,251","39,617","17,314","21,342","961","30,092","13,548","16,253","291",
"Población_desocupada",	06,"Colima","2012","14,888","5,970","8,706","212","8,817","3,488","5,117","212","6,071","2,482","3,589","0",
"Población_desocupada",	07,"Chiapas","2012","43,808","16,313","26,559","937","29,697","10,083","18,678","937","14,111","6,230","7,881","0",
"Población_desocupada",	08,"Chihuahua","2012","93,311","30,870","61,140","1,302","62,791","21,478","40,039","1,274","30,521","9,392","21,101","28",
"Población_desocupada",	09,"Ciudad_de_México","2012","275,581","92,110","180,246","3,225","156,893","49,048","105,359","2,485","118,689","43,062","74,887","740",
"Población_desocupada",	10,"Durango","2012","38,965","15,763","22,822","380","25,456","11,146","13,946","364","13,510","4,617","8,876","17",
"Población_desocupada",	11,"Guanajuato","2012","148,993","66,615","80,172","2,206","90,002","41,131","46,929","1,942","58,991","25,484","33,243","264",
"Población_desocupada",	12,"Guerrero","2012","29,878","10,614","18,591","637","18,239","5,720","11,906","614","11,639","4,894","6,685","23",
"Población_desocupada",	13,"Hidalgo","2012","54,456","19,718","33,740","998","31,406","10,568","19,936","903","23,049","9,150","13,804","95",
"Población_desocupada",	14,"Jalisco","2012","165,287","65,879","97,097","2,063","102,853","39,891","60,885","1,970","62,435","25,988","36,213","94",
"Población_desocupada",	15,"México","2012","406,709","147,690","253,865","5,154","261,392","90,487","166,027","4,879","145,318","57,203","87,839","276",
"Población_desocupada",	16,"Michoacán_de_Ocampo","2012","69,299","25,570","43,222","508","46,839","16,386","29,987","466","22,461","9,184","13,235","42",
"Población_desocupada",	17,"Morelos","2012","28,079","9,382","18,262","353","18,738","6,023","12,358","329","9,342","3,359","5,904","25",
"Población_desocupada",	18,"Nayarit","2012","28,105","10,312","17,159","634","17,529","5,639","11,257","634","10,575","4,674","5,902","0",
"Población_desocupada",	19,"Nuevo_León","2012","130,366","55,814","71,468","3,085","76,205","32,658","40,673","2,875","54,161","23,156","30,795","210",
"Población_desocupada",	20,"Oaxaca","2012","43,948","17,446","26,165","325","27,444","10,408","16,699","325","16,505","7,038","9,466","0",
"Población_desocupada",	21,"Puebla","2012","101,124","35,990","63,849","1,285","61,055","21,518","38,559","978","40,069","14,472","25,290","308",
"Población_desocupada",	22,"Querétaro","2012","39,420","15,631","23,159","629","30,796","11,796","18,371","629","8,624","3,835","4,788","0",
"Población_desocupada",	23,"Quintana_Roo","2012","30,922","13,004","17,481","438","18,251","7,559","10,255","438","12,671","5,445","7,226","0",
"Población_desocupada",	24,"San_Luis_Potosí","2012","35,400","16,152","18,949","299","19,995","8,831","10,967","197","15,405","7,321","7,982","102",
"Población_desocupada",	25,"Sinaloa","2012","58,506","22,950","34,655","901","36,742","13,712","22,339","691","21,764","9,238","12,316","211",
"Población_desocupada",	26,"Sonora","2012","78,620","32,418","45,181","1,022","43,454","18,924","23,732","799","35,166","13,494","21,449","223",
"Población_desocupada",	27,"Tabasco","2012","51,389","21,349","29,783","257","32,805","14,315","18,260","230","18,585","7,034","11,523","27",
"Población_desocupada",	28,"Tamaulipas","2012","97,725","38,499","57,493","1,416","57,070","20,696","34,780","1,278","40,655","17,803","22,713","139",
"Población_desocupada",	29,"Tlaxcala","2012","29,793","11,683","17,767","343","16,674","6,689","9,642","343","13,120","4,995","8,125","0",
"Población_desocupada",	30,"Veracruz_de_Ignacio_de_la_Llave","2012","105,035","38,183","64,930","1,923","70,406","27,864","40,887","1,656","34,629","10,319","24,043","267",
"Población_desocupada",	31,"Yucatán","2012","27,226","12,459","14,183","584","14,541","6,575","7,383","584","12,685","5,884","6,801","0",
"Población_desocupada",	32,"Zacatecas","2012","34,138","13,750","19,911","478","21,078","7,895","12,718","464","13,061","5,855","7,193","14",
"Población_desocupada",	00,"Estados_Unidos_Mexicanos","2011","2,542,862","977,867","1,529,585","34,859","1,591,765","593,405","965,762","32,077","951,097","384,462","563,823","2,782",
"Población_desocupada",	01,"Aguascalientes","2011","33,043","12,714","19,852","448","21,731","8,079","13,267","386","11,312","4,636","6,585","62",
"Población_desocupada",	02,"Baja_California","2011","87,800","30,533","56,490","777","55,751","18,945","36,028","777","32,049","11,587","20,462","0",
"Población_desocupada",	03,"Baja_California_Sur","2011","18,390","6,948","11,192","250","11,161","3,918","6,994","250","7,229","3,031","4,198","0",
"Población_desocupada",	04,"Campeche","2011","11,022","4,321","6,611","90","6,897","2,427","4,389","82","4,125","1,894","2,223","9",
"Población_desocupada",	05,"Coahuila_de_Zaragoza","2011","72,924","32,729","39,382","813","39,932","17,848","21,272","813","32,991","14,882","18,110","0",
"Población_desocupada",	06,"Colima","2011","14,351","5,200","8,650","502","8,633","3,165","5,096","372","5,719","2,035","3,554","130",
"Población_desocupada",	07,"Chiapas","2011","40,919","17,288","23,346","285","26,055","10,022","15,748","285","14,865","7,267","7,598","0",
"Población_desocupada",	08,"Chihuahua","2011","92,717","34,660","56,625","1,431","58,590","19,446","37,769","1,375","34,127","15,214","18,857","56",
"Población_desocupada",	09,"Ciudad_de_México","2011","269,617","83,710","180,839","5,068","157,577","49,088","104,149","4,340","112,040","34,622","76,690","728",
"Población_desocupada",	10,"Durango","2011","42,641","18,561","23,821","259","29,731","13,458","16,015","259","12,909","5,103","7,806","0",
"Población_desocupada",	11,"Guanajuato","2011","135,761","57,959","75,876","1,868","89,490","36,732","50,831","1,868","46,271","21,226","25,045","0",
"Población_desocupada",	12,"Guerrero","2011","34,832","12,974","21,212","646","22,651","7,537","14,491","623","12,181","5,437","6,722","23",
"Población_desocupada",	13,"Hidalgo","2011","50,063","20,287","28,895","881","32,653","11,899","19,873","881","17,410","8,388","9,022","0",
"Población_desocupada",	14,"Jalisco","2011","179,922","78,102","98,920","2,571","110,811","46,838","61,330","2,314","69,112","31,265","37,590","257",
"Población_desocupada",	15,"México","2011","412,371","149,660","257,901","4,810","266,034","95,150","166,365","4,520","146,337","54,510","91,537","290",
"Población_desocupada",	16,"Michoacán_de_Ocampo","2011","53,783","19,388","33,489","905","37,544","13,938","22,882","723","16,239","5,450","10,607","182",
"Población_desocupada",	17,"Morelos","2011","26,290","8,574","17,432","257","17,609","5,113","12,212","257","8,681","3,462","5,220","0",
"Población_desocupada",	18,"Nayarit","2011","24,548","10,764","12,983","801","14,289","5,946","7,555","789","10,259","4,819","5,428","12",
"Población_desocupada",	19,"Nuevo_León","2011","134,486","58,188","74,668","1,629","81,049","37,273","42,324","1,452","53,437","20,916","32,345","177",
"Población_desocupada",	20,"Oaxaca","2011","46,746","16,960","28,716","1,071","29,886","10,673","18,259","954","16,860","6,287","10,457","117",
"Población_desocupada",	21,"Puebla","2011","114,181","46,971","66,067","1,143","66,705","24,191","41,371","1,143","47,476","22,780","24,696","0",
"Población_desocupada",	22,"Querétaro","2011","44,562","17,958","26,362","243","31,674","11,812","19,619","243","12,888","6,146","6,742","0",
"Población_desocupada",	23,"Quintana_Roo","2011","31,095","12,285","18,254","505","17,985","6,458","11,074","402","13,110","5,828","7,180","103",
"Población_desocupada",	24,"San_Luis_Potosí","2011","42,713","18,124","24,154","436","26,752","11,222","15,124","406","15,962","6,902","9,030","30",
"Población_desocupada",	25,"Sinaloa","2011","62,624","24,199","36,448","1,977","37,812","13,947","22,026","1,839","24,813","10,252","14,423","138",
"Población_desocupada",	26,"Sonora","2011","76,902","31,235","44,837","775","46,602","18,418","27,411","718","30,300","12,817","17,426","57",
"Población_desocupada",	27,"Tabasco","2011","60,025","23,166","36,230","629","38,632","13,375","24,638","619","21,393","9,791","11,591","11",
"Población_desocupada",	28,"Tamaulipas","2011","109,531","43,640","64,493","1,398","62,357","25,872","35,383","1,102","47,174","17,768","29,110","296",
"Población_desocupada",	29,"Tlaxcala","2011","32,091","11,158","20,328","605","19,227","6,636","12,032","560","12,864","4,523","8,296","45",
"Población_desocupada",	30,"Veracruz_de_Ignacio_de_la_Llave","2011","121,347","42,495","77,694","1,158","87,366","28,851","57,357","1,158","33,981","13,644","20,337","0",
"Población_desocupada",	31,"Yucatán","2011","25,582","12,529","12,768","286","13,744","6,427","7,031","286","11,838","6,102","5,736","0",
"Población_desocupada",	32,"Zacatecas","2011","39,987","14,588","25,053","346","24,839","8,705","15,850","285","15,148","5,884","9,203","62",
"Población_desocupada",	00,"Estados_Unidos_Mexicanos","2010","2,555,868","973,509","1,547,050","34,330","1,616,575","597,461","987,845","30,776","939,293","376,048","559,205","3,554",
"Población_desocupada",	01,"Aguascalientes","2010","33,359","14,702","18,322","286","21,988","9,492","12,314","183","11,371","5,211","6,008","103",
"Población_desocupada",	02,"Baja_California","2010","78,162","26,317","50,812","1,033","52,485","17,153","34,411","921","25,678","9,165","16,402","112",
"Población_desocupada",	03,"Baja_California_Sur","2010","17,874","6,550","11,152","158","10,839","3,811","6,856","158","7,036","2,739","4,297","0",
"Población_desocupada",	04,"Campeche","2010","11,240","4,724","6,394","123","6,863","3,068","3,673","123","4,377","1,656","2,721","0",
"Población_desocupada",	05,"Coahuila_de_Zaragoza","2010","89,075","35,206","52,479","1,390","53,949","21,344","31,275","1,331","35,126","13,862","21,205","59",
"Población_desocupada",	06,"Colima","2010","13,975","5,494","8,025","457","8,237","3,242","4,606","390","5,738","2,252","3,419","67",
"Población_desocupada",	07,"Chiapas","2010","49,010","20,514","27,993","503","31,123","11,254","19,366","503","17,887","9,260","8,627","0",
"Población_desocupada",	08,"Chihuahua","2010","99,143","33,139","65,241","763","62,721","20,286","42,059","376","36,422","12,853","23,182","387",
"Población_desocupada",	09,"Ciudad_de_México","2010","286,384","83,464","196,819","6,101","168,683","48,217","115,247","5,219","117,701","35,246","81,572","883",
"Población_desocupada",	10,"Durango","2010","34,199","16,281","17,815","103","22,575","10,611","11,879","86","11,623","5,670","5,936","17",
"Población_desocupada",	11,"Guanajuato","2010","130,963","49,543","80,284","1,136","90,526","33,157","56,408","962","40,436","16,387","23,876","174",
"Población_desocupada",	12,"Guerrero","2010","27,459","11,486","15,453","520","17,487","6,899","10,069","520","9,972","4,587","5,385","0",
"Población_desocupada",	13,"Hidalgo","2010","46,560","18,447","27,757","356","29,510","10,742","18,435","333","17,051","7,705","9,323","23",
"Población_desocupada",	14,"Jalisco","2010","181,464","73,297","105,864","1,907","116,373","44,704","69,649","1,907","65,091","28,593","36,216","0",
"Población_desocupada",	15,"México","2010","438,827","162,403","270,497","5,927","287,425","107,467","174,388","5,571","151,401","54,937","96,108","357",
"Población_desocupada",	16,"Michoacán_de_Ocampo","2010","63,032","25,391","37,020","621","44,026","16,582","26,822","621","19,006","8,809","10,197","0",
"Población_desocupada",	17,"Morelos","2010","32,369","12,495","19,380","446","20,377","6,828","13,055","446","11,992","5,667","6,325","0",
"Población_desocupada",	18,"Nayarit","2010","20,555","9,112","10,899","545","12,112","4,777","6,803","532","8,443","4,335","4,096","13",
"Población_desocupada",	19,"Nuevo_León","2010","142,862","62,825","78,016","1,847","82,372","36,765","44,185","1,336","60,490","26,060","33,832","512",
"Población_desocupada",	20,"Oaxaca","2010","37,978","14,401","23,395","183","24,465","8,774","15,587","104","13,513","5,627","7,807","79",
"Población_desocupada",	21,"Puebla","2010","96,787","36,748","58,349","1,690","59,988","24,359","34,066","1,563","36,799","12,390","24,282","127",
"Población_desocupada",	22,"Querétaro","2010","50,224","20,506","28,951","768","37,437","14,308","22,463","666","12,788","6,198","6,488","102",
"Población_desocupada",	23,"Quintana_Roo","2010","35,317","15,384","19,423","395","20,616","8,919","11,343","309","14,701","6,466","8,081","86",
"Población_desocupada",	24,"San_Luis_Potosí","2010","43,144","18,119","24,373","653","26,032","10,372","15,052","609","17,112","7,748","9,321","44",
"Población_desocupada",	25,"Sinaloa","2010","53,332","22,024","30,388","921","34,013","13,183","20,113","717","19,319","8,841","10,275","204",
"Población_desocupada",	26,"Sonora","2010","82,447","29,954","51,660","834","52,176","17,247","34,187","743","30,271","12,708","17,473","91",
"Población_desocupada",	27,"Tabasco","2010","68,128","25,581","41,232","1,315","43,672","14,743","27,614","1,315","24,456","10,838","13,618","0",
"Población_desocupada",	28,"Tamaulipas","2010","101,313","43,683","56,665","964","61,673","25,222","35,543","908","39,640","18,462","21,122","56",
"Población_desocupada",	29,"Tlaxcala","2010","31,934","11,804","19,845","285","17,836","6,275","11,337","224","14,098","5,530","8,508","61",
"Población_desocupada",	30,"Veracruz_de_Ignacio_de_la_Llave","2010","101,411","39,295","60,453","1,478","68,244","25,420","41,161","1,478","33,167","13,875","19,292","0",
"Población_desocupada",	31,"Yucatán","2010","27,340","12,235","14,997","109","13,043","5,382","7,553","109","14,298","6,853","7,445","0",
"Población_desocupada",	32,"Zacatecas","2010","30,006","12,387","17,101","518","17,711","6,863","10,330","518","12,295","5,524","6,771","0",
"Población_desocupada",	00,"Estados_Unidos_Mexicanos","2009","2,539,732","979,471","1,528,635","31,328","1,582,777","585,656","969,450","27,536","956,955","393,816","559,185","3,792",
"Población_desocupada",	01,"Aguascalientes","2009","34,464","14,558","19,710","195","22,461","9,374","12,945","142","12,003","5,185","6,765","53",
"Población_desocupada",	02,"Baja_California","2009","90,468","35,765","53,964","738","59,067","22,466","36,014","587","31,401","13,299","17,950","151",
"Población_desocupada",	03,"Baja_California_Sur","2009","16,021","5,757","10,142","122","9,372","3,496","5,754","122","6,649","2,261","4,389","0",
"Población_desocupada",	04,"Campeche","2009","9,930","4,180","5,671","80","6,241","2,583","3,599","60","3,689","1,597","2,072","20",
"Población_desocupada",	05,"Coahuila_de_Zaragoza","2009","95,486","38,369","56,349","769","59,695","24,724","34,364","608","35,791","13,646","21,985","161",
"Población_desocupada",	06,"Colima","2009","13,533","5,864","7,439","230","8,021","3,249","4,552","220","5,511","2,615","2,887","10",
"Población_desocupada",	07,"Chiapas","2009","43,147","16,892","25,835","420","26,925","9,965","16,541","420","16,222","6,928","9,294","0",
"Población_desocupada",	08,"Chihuahua","2009","119,307","42,902","74,234","2,171","75,745","28,460","45,143","2,142","43,562","14,442","29,091","29",
"Población_desocupada",	09,"Ciudad_de_México","2009","285,318","92,257","186,784","6,277","154,943","49,213","100,224","5,506","130,375","43,044","86,560","771",
"Población_desocupada",	10,"Durango","2009","39,784","16,181","23,204","399","25,244","9,153","15,784","308","14,540","7,029","7,420","91",
"Población_desocupada",	11,"Guanajuato","2009","131,188","55,760","74,342","1,086","83,607","35,183","47,367","1,056","47,582","20,577","26,975","30",
"Población_desocupada",	12,"Guerrero","2009","23,983","9,691","13,790","502","15,308","6,257","8,548","502","8,675","3,434","5,242","0",
"Población_desocupada",	13,"Hidalgo","2009","59,726","19,904","38,999","823","34,410","9,980","24,067","363","25,316","9,924","14,932","461",
"Población_desocupada",	14,"Jalisco","2009","163,812","68,187","93,971","1,570","106,713","41,116","64,041","1,472","57,099","27,071","29,930","98",
"Población_desocupada",	15,"México","2009","443,649","145,505","294,689","3,455","292,372","90,922","198,392","3,059","151,277","54,583","96,297","397",
"Población_desocupada",	16,"Michoacán_de_Ocampo","2009","62,658","29,940","32,419","299","39,679","17,654","21,767","258","22,979","12,286","10,653","41",
"Población_desocupada",	17,"Morelos","2009","29,070","10,263","18,166","641","18,041","6,343","11,235","464","11,029","3,920","6,931","178",
"Población_desocupada",	18,"Nayarit","2009","18,034","7,514","9,992","529","11,113","3,988","6,649","477","6,921","3,526","3,343","52",
"Población_desocupada",	19,"Nuevo_León","2009","155,525","68,890","85,096","1,539","90,163","39,602","49,282","1,279","65,362","29,288","35,814","260",
"Población_desocupada",	20,"Oaxaca","2009","33,046","11,152","21,075","819","22,470","6,548","15,103","819","10,576","4,604","5,973","0",
"Población_desocupada",	21,"Puebla","2009","103,308","38,751","63,204","1,353","64,328","22,947","40,313","1,069","38,980","15,804","22,891","285",
"Población_desocupada",	22,"Querétaro","2009","55,248","23,395","31,373","480","37,647","15,567","21,622","458","17,601","7,828","9,751","22",
"Población_desocupada",	23,"Quintana_Roo","2009","33,861","14,703","18,817","270","20,427","9,433","10,773","169","13,434","5,270","8,044","101",
"Población_desocupada",	24,"San_Luis_Potosí","2009","42,128","18,401","23,068","659","25,365","10,746","14,154","465","16,763","7,655","8,915","194",
"Población_desocupada",	25,"Sinaloa","2009","54,829","23,711","30,228","890","35,667","14,780","20,022","865","19,162","8,931","10,207","25",
"Población_desocupada",	26,"Sonora","2009","66,217","28,550","37,264","403","39,140","15,856","22,882","403","27,077","12,695","14,383","0",
"Población_desocupada",	27,"Tabasco","2009","50,865","20,737","29,688","334","31,686","11,258","20,095","334","19,179","9,479","9,593","0",
"Población_desocupada",	28,"Tamaulipas","2009","87,740","40,087","46,215","1,438","50,962","21,676","27,882","1,404","36,779","18,411","18,334","34",
"Población_desocupada",	29,"Tlaxcala","2009","31,558","12,508","18,726","324","17,402","6,566","10,568","269","14,155","5,942","8,158","55",
"Población_desocupada",	30,"Veracruz_de_Ignacio_de_la_Llave","2009","90,378","35,697","52,743","1,938","64,673","23,082","39,922","1,669","25,705","12,615","12,821","269",
"Población_desocupada",	31,"Yucatán","2009","27,696","12,966","14,398","297","16,846","7,617","8,932","297","10,851","5,350","5,466","0",
"Población_desocupada",	32,"Zacatecas","2009","27,760","10,438","17,041","281","17,046","5,857","10,917","272","10,714","4,582","6,124","9",
"Población_desocupada",	00,"Estados_Unidos_Mexicanos","2008","1,795,781","744,466","1,026,453","24,685","1,093,492","431,865","640,003","21,447","702,289","312,601","386,450","3,238",
"Población_desocupada",	01,"Aguascalientes","2008","25,559","11,370","14,026","163","17,083","7,682","9,239","163","8,476","3,688","4,787","0",
"Población_desocupada",	02,"Baja_California","2008","44,746","20,379","23,868","499","27,749","12,542","14,812","396","16,997","7,837","9,057","103",
"Población_desocupada",	03,"Baja_California_Sur","2008","9,102","3,978","5,085","39","5,413","2,695","2,678","39","3,689","1,283","2,406","0",
"Población_desocupada",	04,"Campeche","2008","7,203","3,075","3,993","135","4,482","1,921","2,427","135","2,721","1,154","1,567","0",
"Población_desocupada",	05,"Coahuila_de_Zaragoza","2008","62,602","30,354","31,237","1,011","35,632","16,317","18,324","991","26,970","14,037","12,912","21",
"Población_desocupada",	06,"Colima","2008","8,758","3,862","4,779","117","5,309","2,223","3,001","85","3,450","1,640","1,777","33",
"Población_desocupada",	07,"Chiapas","2008","41,359","16,134","24,703","522","26,129","9,583","16,024","522","15,230","6,551","8,679","0",
"Población_desocupada",	08,"Chihuahua","2008","69,473","28,148","39,920","1,375","47,077","19,672","26,439","937","22,396","8,477","13,481","439",
"Población_desocupada",	09,"Ciudad_de_México","2008","236,248","70,971","160,736","4,541","129,901","35,855","90,249","3,797","106,347","35,116","70,487","744",
"Población_desocupada",	10,"Durango","2008","26,545","11,423","14,565","558","17,722","7,284","9,967","471","8,823","4,139","4,598","87",
"Población_desocupada",	11,"Guanajuato","2008","96,434","43,996","51,089","1,314","60,398","26,903","32,334","1,126","36,036","17,093","18,755","188",
"Población_desocupada",	12,"Guerrero","2008","16,650","6,975","9,461","195","8,696","3,423","5,059","195","7,954","3,552","4,401","0",
"Población_desocupada",	13,"Hidalgo","2008","36,760","17,460","19,229","71","22,340","10,291","11,992","58","14,420","7,170","7,237","14",
"Población_desocupada",	14,"Jalisco","2008","112,492","54,625","56,551","1,316","70,276","34,257","34,780","1,238","42,216","20,368","21,771","78",
"Población_desocupada",	15,"México","2008","305,422","115,358","186,348","3,716","198,945","67,178","128,778","2,989","106,477","48,180","57,571","727",
"Población_desocupada",	16,"Michoacán_de_Ocampo","2008","48,731","24,277","23,702","752","29,922","13,817","15,352","752","18,810","10,460","8,350","0",
"Población_desocupada",	17,"Morelos","2008","22,356","8,781","12,750","825","14,389","5,174","8,455","760","7,967","3,607","4,295","66",
"Población_desocupada",	18,"Nayarit","2008","14,580","5,903","8,369","308","8,794","3,461","5,035","298","5,787","2,443","3,334","10",
"Población_desocupada",	19,"Nuevo_León","2008","93,289","45,188","47,451","650","52,962","26,337","26,062","563","40,327","18,851","21,389","87",
"Población_desocupada",	20,"Oaxaca","2008","30,861","13,639","16,411","811","20,563","8,956","10,823","785","10,298","4,683","5,589","27",
"Población_desocupada",	21,"Puebla","2008","76,749","28,332","47,656","761","45,831","16,665","28,405","761","30,918","11,667","19,252","0",
"Población_desocupada",	22,"Querétaro","2008","27,606","12,261","15,221","124","18,482","8,270","10,111","101","9,124","3,991","5,110","23",
"Población_desocupada",	23,"Quintana_Roo","2008","21,210","10,103","10,874","206","12,069","5,517","6,414","111","9,142","4,586","4,461","95",
"Población_desocupada",	24,"San_Luis_Potosí","2008","30,886","14,039","16,466","317","19,597","8,190","11,026","317","11,289","5,849","5,440","0",
"Población_desocupada",	25,"Sinaloa","2008","41,195","19,781","20,967","447","22,994","10,160","12,428","405","18,201","9,621","8,539","42",
"Población_desocupada",	26,"Sonora","2008","43,649","18,566","24,781","303","27,104","9,527","17,322","256","16,545","9,039","7,460","47",
"Población_desocupada",	27,"Tabasco","2008","39,449","15,805","23,145","499","24,097","7,924","15,674","499","15,352","7,882","7,471","0",
"Población_desocupada",	28,"Tamaulipas","2008","63,868","27,291","35,644","933","34,539","14,428","19,178","933","29,329","12,863","16,466","0",
"Población_desocupada",	29,"Tlaxcala","2008","25,772","11,525","13,939","308","13,747","5,786","7,704","257","12,025","5,739","6,236","51",
"Población_desocupada",	30,"Veracruz_de_Ignacio_de_la_Llave","2008","75,302","30,632","43,315","1,355","47,278","18,266","27,952","1,061","28,023","12,366","15,363","295",
"Población_desocupada",	31,"Yucatán","2008","20,278","10,545","9,542","191","11,111","5,902","5,018","191","9,167","4,643","4,524","0",
"Población_desocupada",	32,"Zacatecas","2008","20,651","9,694","10,635","323","12,866","5,662","6,946","258","7,785","4,032","3,689","65",
"Población_desocupada",	00,"Estados_Unidos_Mexicanos","2007","1,642,398","695,079","925,197","21,622","960,844","395,887","545,708","18,783","681,553","299,192","379,490","2,839",
"Población_desocupada",	01,"Aguascalientes","2007","21,709","10,125","11,277","255","13,628","6,099","7,261","217","8,080","4,026","4,016","38",
"Población_desocupada",	02,"Baja_California","2007","25,257","10,836","14,010","410","16,356","6,147","9,849","360","8,901","4,689","4,161","51",
"Población_desocupada",	03,"Baja_California_Sur","2007","5,483","2,489","2,913","82","3,357","1,558","1,717","82","2,126","931","1,196","0",
"Población_desocupada",	04,"Campeche","2007","6,864","2,837","3,982","45","4,360","1,877","2,437","45","2,505","960","1,545","0",
"Población_desocupada",	05,"Coahuila_de_Zaragoza","2007","58,079","26,747","30,727","606","32,616","14,349","17,802","466","25,463","12,399","12,925","140",
"Población_desocupada",	06,"Colima","2007","8,271","3,799","4,269","203","4,831","1,963","2,690","178","3,440","1,836","1,579","26",
"Población_desocupada",	07,"Chiapas","2007","34,083","14,194","19,557","331","19,509","8,126","11,052","331","14,574","6,068","8,506","0",
"Población_desocupada",	08,"Chihuahua","2007","46,762","18,981","27,457","324","31,378","11,908","19,170","299","15,384","7,073","8,287","24",
"Población_desocupada",	09,"Ciudad_de_México","2007","245,269","93,260","148,997","3,012","133,800","56,184","75,274","2,342","111,469","37,076","73,723","671",
"Población_desocupada",	10,"Durango","2007","21,403","9,428","11,821","154","13,330","5,491","7,685","154","8,074","3,937","4,137","0",
"Población_desocupada",	11,"Guanajuato","2007","68,240","32,746","34,700","794","46,042","22,019","23,230","794","22,198","10,728","11,471","0",
"Población_desocupada",	12,"Guerrero","2007","15,717","8,474","6,761","482","8,313","3,456","4,395","462","7,405","5,018","2,366","21",
"Población_desocupada",	13,"Hidalgo","2007","35,695","17,359","17,853","483","18,776","8,452","9,868","456","16,919","8,906","7,985","28",
"Población_desocupada",	14,"Jalisco","2007","99,833","46,552","51,577","1,589","60,565","26,530","32,469","1,450","39,268","20,021","19,109","138",
"Población_desocupada",	15,"México","2007","321,507","115,915","201,203","4,390","185,460","63,771","118,263","3,427","136,047","52,144","82,940","963",
"Población_desocupada",	16,"Michoacán_de_Ocampo","2007","38,898","17,752","20,136","1,009","23,625","9,577","13,040","1,009","15,273","8,176","7,097","0",
"Población_desocupada",	17,"Morelos","2007","23,139","10,505","12,000","635","13,012","5,744","6,688","580","10,128","4,761","5,312","56",
"Población_desocupada",	18,"Nayarit","2007","13,556","6,211","7,168","178","7,522","3,456","3,888","178","6,035","2,755","3,280","0",
"Población_desocupada",	19,"Nuevo_León","2007","91,277","47,217","42,817","1,243","52,155","28,111","22,966","1,078","39,122","19,106","19,851","165",
"Población_desocupada",	20,"Oaxaca","2007","25,468","10,185","14,644","639","15,457","5,717","9,119","622","10,011","4,468","5,525","18",
"Población_desocupada",	21,"Puebla","2007","76,711","31,963","44,082","666","41,460","15,980","24,926","555","35,251","15,984","19,156","111",
"Población_desocupada",	22,"Querétaro","2007","24,701","11,267","13,233","202","15,216","6,674","8,340","202","9,485","4,593","4,892","0",
"Población_desocupada",	23,"Quintana_Roo","2007","15,543","7,483","7,833","153","8,516","4,314","4,058","103","7,027","3,168","3,775","51",
"Población_desocupada",	24,"San_Luis_Potosí","2007","27,824","13,790","13,764","271","17,536","8,152","9,114","271","10,288","5,638","4,650","0",
"Población_desocupada",	25,"Sinaloa","2007","31,054","15,466","15,289","299","17,261","8,345","8,657","259","13,793","7,121","6,632","40",
"Población_desocupada",	26,"Sonora","2007","28,808","12,096","16,617","95","16,299","7,529","8,698","72","12,509","4,567","7,919","23",
"Población_desocupada",	27,"Tabasco","2007","37,217","15,571","21,403","243","23,937","9,108","14,585","243","13,281","6,463","6,818","0",
"Población_desocupada",	28,"Tamaulipas","2007","60,787","25,542","34,268","977","32,838","13,393","18,604","842","27,949","12,149","15,665","135",
"Población_desocupada",	29,"Tlaxcala","2007","22,928","10,643","12,011","274","12,643","5,404","6,989","251","10,285","5,239","5,022","24",
"Población_desocupada",	30,"Veracruz_de_Ignacio_de_la_Llave","2007","68,788","25,525","41,840","1,166","47,409","15,026","31,017","1,109","21,379","10,499","10,823","57",
"Población_desocupada",	31,"Yucatán","2007","19,135","8,965","9,949","222","10,042","4,845","5,037","160","9,094","4,120","4,912","62",
"Población_desocupada",	32,"Zacatecas","2007","22,395","11,160","11,043","192","13,601","6,585","6,824","192","8,794","4,575","4,219","0",
"Población_desocupada",	00,"Estados_Unidos_Mexicanos","2006","1,570,112","666,573","881,583","21,642","931,916","377,391","535,715","18,676","638,196","289,181","345,868","2,966",
"Población_desocupada",	01,"Aguascalientes","2006","19,273","9,179","9,967","96","12,608","6,153","6,373","52","6,665","3,027","3,594","44",
"Población_desocupada",	02,"Baja_California","2006","22,371","9,448","12,866","57","13,878","5,660","8,161","57","8,493","3,787","4,706","0",
"Población_desocupada",	03,"Baja_California_Sur","2006","4,876","2,236","2,623","16","2,626","1,234","1,383","8","2,250","1,002","1,240","8",
"Población_desocupada",	04,"Campeche","2006","7,200","3,623","3,567","11","4,839","2,349","2,480","11","2,361","1,274","1,087","0",
"Población_desocupada",	05,"Coahuila_de_Zaragoza","2006","57,364","25,304","30,855","1,205","34,736","14,253","19,301","1,182","22,628","11,051","11,554","23",
"Población_desocupada",	06,"Colima","2006","9,306","3,882","5,186","239","5,679","2,206","3,279","194","3,628","1,676","1,907","45",
"Población_desocupada",	07,"Chiapas","2006","29,174","13,546","15,473","155","17,695","7,247","10,294","155","11,479","6,300","5,180","0",
"Población_desocupada",	08,"Chihuahua","2006","39,204","17,172","21,708","323","26,276","10,510","15,467","300","12,928","6,663","6,242","24",
"Población_desocupada",	09,"Ciudad_de_México","2006","228,985","81,305","144,139","3,542","124,560","43,553","78,306","2,702","104,425","37,753","65,833","840",
"Población_desocupada",	10,"Durango","2006","21,844","8,720","12,972","152","14,483","5,812","8,519","152","7,361","2,908","4,453","0",
"Población_desocupada",	11,"Guanajuato","2006","69,165","30,953","37,507","706","44,169","18,787","24,802","580","24,996","12,166","12,705","126",
"Población_desocupada",	12,"Guerrero","2006","16,322","7,449","8,757","116","9,517","4,367","5,034","116","6,805","3,082","3,723","0",
"Población_desocupada",	13,"Hidalgo","2006","34,058","13,119","20,479","442","16,689","5,277","10,953","442","17,369","7,842","9,526","0",
"Población_desocupada",	14,"Jalisco","2006","105,193","48,492","55,050","1,426","64,624","27,924","35,317","1,299","40,569","20,568","19,733","127",
"Población_desocupada",	15,"México","2006","282,767","117,768","160,502","4,497","172,511","70,289","98,436","3,786","110,256","47,479","62,067","711",
"Población_desocupada",	16,"Michoacán_de_Ocampo","2006","46,575","16,946","28,735","894","30,103","9,640","19,682","781","16,473","7,307","9,053","113",
"Población_desocupada",	17,"Morelos","2006","19,936","8,200","11,555","181","12,073","4,610","7,282","181","7,864","3,591","4,273","0",
"Población_desocupada",	18,"Nayarit","2006","12,423","5,948","6,369","106","6,978","3,385","3,497","96","5,445","2,563","2,873","10",
"Población_desocupada",	19,"Nuevo_León","2006","97,864","46,815","49,291","1,759","53,013","26,604","24,950","1,460","44,852","20,211","24,342","299",
"Población_desocupada",	20,"Oaxaca","2006","26,145","9,038","16,845","262","17,055","4,939","11,854","262","9,090","4,099","4,991","0",
"Población_desocupada",	21,"Puebla","2006","71,055","30,938","39,003","1,115","41,911","17,085","23,711","1,115","29,144","13,853","15,292","0",
"Población_desocupada",	22,"Querétaro","2006","26,895","12,147","14,622","127","16,713","7,019","9,567","127","10,183","5,128","5,055","0",
"Población_desocupada",	23,"Quintana_Roo","2006","14,364","7,151","7,083","90","7,256","3,410","3,757","90","7,108","3,741","3,327","0",
"Población_desocupada",	24,"San_Luis_Potosí","2006","25,317","12,079","13,175","63","14,739","6,845","7,831","63","10,578","5,234","5,344","0",
"Población_desocupada",	25,"Sinaloa","2006","35,926","17,740","17,358","828","20,536","8,932","10,868","736","15,390","8,808","6,490","92",
"Población_desocupada",	26,"Sonora","2006","33,599","16,029","17,502","68","17,684","7,774","9,843","68","15,914","8,256","7,659","0",
"Población_desocupada",	27,"Tabasco","2006","27,307","12,341","14,769","197","19,227","8,772","10,259","197","8,080","3,569","4,511","0",
"Población_desocupada",	28,"Tamaulipas","2006","60,659","27,216","32,393","1,051","33,490","14,241","18,681","569","27,169","12,975","13,712","482",
"Población_desocupada",	29,"Tlaxcala","2006","21,065","10,905","9,937","222","10,443","5,531","4,714","198","10,622","5,375","5,223","24",
"Población_desocupada",	30,"Veracruz_de_Ignacio_de_la_Llave","2006","64,960","22,165","41,290","1,505","43,933","12,644","29,784","1,505","21,027","9,521","11,506","0",
"Población_desocupada",	31,"Yucatán","2006","18,516","10,137","8,350","29","9,807","5,296","4,483","29","8,709","4,842","3,867","0",
"Población_desocupada",	32,"Zacatecas","2006","20,407","8,585","11,655","167","12,068","5,049","6,853","167","8,339","3,536","4,803","0",
