Economies,Year,Score,Rank
Angola,2011,0.0,0
Barbados,2011,0.0,0
Bielorrusia,2011,0.0,0
Belice,2011,0.0,0
Bután,2011,0.0,0
Burundi,2011,0.0,0
Cabo Verde,2011,0.0,0
República Dominicana,2011,0.0,0
Fiyi,2011,0.0,0
Gabón,2011,0.0,0
Gambia,2011,0.0,0
Guinea,2011,0.0,0
Irak,2011,0.0,0
Laos,2011,0.0,0
Lesoto,2011,0.0,0
Malta,2011,0.0,0
Mauritania,2011,0.0,0
Montenegro,2011,0.0,0
Mozambique,2011,0.0,0
Birmania,2011,0.0,0
Nepal,2011,0.0,0
Seychelles,2011,0.0,0
Togo,2011,0.0,0
Uzbekistán,2011,0.0,0
Argelia,2011,19.79,125
Sudán,2011,20.36,124
Yemen,2011,20.72,123
Níger,2011,21.41,122
Etiopía,2011,22.88,121
Burkina Faso,2011,23.14,120
Zimbabue,2011,23.54,119
Benín,2011,23.81,118
Costa de Marfil,2011,24.08,117
Tayikistán,2011,24.5,116
Siria,2011,24.82,115
Zambia,2011,25.27,114
Madagascar,2011,25.41,113
Bolivia,2011,25.44,112
Camboya,2011,25.46,111
Nicaragua,2011,25.78,110
Ruanda,2011,25.86,109
Malaui,2011,25.96,108
Mali,2011,26.35,107
Uganda,2011,26.37,106
Pakistán,2011,26.75,105
Tanzania,2011,26.88,104
Camerún,2011,26.95,103
Venezuela,2011,27.41,102
Suazilandia,2011,27.52,101
Senegal,2011,27.56,100
Indonesia,2011,27.78,99
Honduras,2011,27.81,98
Bangladés,2011,28.05,97
Nigeria,2011,28.15,96
Irán,2011,28.41,95
Marruecos,2011,28.73,94
Ecuador,2011,28.75,93
Jamaica,2011,28.88,92
Filipinas,2011,28.98,91
El Salvador,2011,29.14,90
Kenia,2011,29.15,89
Azerbaiyán,2011,29.17,88
Egipto,2011,29.21,87
Guatemala,2011,29.33,86
Kirguistán,2011,29.79,85
Kazajistán,2011,30.32,84
Perú,2011,30.34,83
Sri Lanka,2011,30.36,82
Albania,2011,30.45,80
México,2011,30.45,81
Botsuana,2011,30.51,79
Namibia,2011,30.74,78
Panamá,2011,30.77,77
Bosnia y Herzegovina,2011,30.84,76
Brunéi,2011,30.93,75
Paraguay,2011,31.17,74
Georgia,2011,31.87,73
Trinidad y Tobago,2011,32.17,72
Colombia,2011,32.32,71
Ghana,2011,32.48,70
Armenia,2011,33.0,69
Mongolia,2011,33.4,68
Macedonia del Norte,2011,33.47,67
Túnez,2011,33.89,66
Turquía,2011,34.11,65
Grecia,2011,34.18,63
Uruguay,2011,34.18,64
India,2011,34.52,62
Guyana,2011,34.83,61
Ucrania,2011,35.01,60
Sudáfrica,2011,35.22,59
Argentina,2011,35.36,58
Omán,2011,35.51,57
Rusia,2011,35.85,56
Serbia,2011,36.31,55
Arabia Saudita,2011,36.44,54
Mauricio,2011,36.47,53
Kuwait,2011,36.64,52
Vietnam,2011,36.71,51
Rumania,2011,36.83,50
Líbano,2011,37.11,49
Tailandia,2011,37.63,48
Brasil,2011,37.75,47
Baréin,2011,37.8,46
Costa Rica,2011,37.91,45
Croacia,2011,37.98,44
Polonia,2011,38.02,43
Bulgaria,2011,38.42,42
Jordania,2011,38.43,41
Lituania,2011,38.49,40
Moldavia,2011,38.66,39
Chile,2011,38.84,38
Eslovaquia,2011,39.05,37
Letonia,2011,39.8,36
Italia,2011,40.69,35
Emiratos Árabes Unidos,2011,41.99,34
Portugal,2011,42.4,33
España,2011,43.81,32
Malasia,2011,44.05,31
Eslovenia,2011,45.07,30
República Popular China,2011,46.43,29
Chipre,2011,46.45,28
República Checa,2011,47.3,27
Catar,2011,47.74,26
Hungría,2011,48.12,25
Bélgica,2011,49.05,24
Estonia,2011,49.18,23
Francia,2011,49.25,22
Australia,2011,49.85,21
Japón,2011,50.32,20
Austria,2011,50.75,19
Noruega,2011,52.6,18
Luxemburgo,2011,52.65,17
Corea del Sur,2011,53.68,16
Nueva Zelanda,2011,53.79,15
Israel,2011,54.03,14
Irlanda,2011,54.1,13
Alemania,2011,54.89,12
Islandia,2011,55.1,11
Reino Unido,2011,55.96,10
Países Bajos,2011,56.31,9
Canadá,2011,56.33,8
Estados Unidos,2011,56.57,7
Dinamarca,2011,56.96,6
Finlandia,2011,57.5,5
Hong Kong,2011,58.8,4
Singapur,2011,59.64,3
Suecia,2011,62.12,2
Suiza,2011,63.82,1
Barbados,2012,0.0,0
Bután,2012,0.0,0
Cabo Verde,2012,0.0,0
Guinea,2012,0.0,0
Irak,2012,0.0,0
Mauritania,2012,0.0,0
Birmania,2012,0.0,0
Seychelles,2012,0.0,0
Sudán,2012,16.8,141
Níger,2012,18.6,140
Yemen,2012,19.2,139
Laos,2012,20.2,138
Burundi,2012,20.5,137
Togo,2012,20.5,136
Angola,2012,22.2,135
Costa de Marfil,2012,22.6,134
Pakistán,2012,23.1,133
Siria,2012,23.1,132
Etiopía,2012,23.3,131
Gambia,2012,23.3,130
Camboya,2012,23.4,129
Tanzania,2012,23.9,128
Uzbekistán,2012,23.9,127
Madagascar,2012,24.2,126
Argelia,2012,24.4,124
Benín,2012,24.4,125
Burkina Faso,2012,24.6,122
Nigeria,2012,24.6,123
Camerún,2012,25.0,121
Malaui,2012,25.4,120
Mali,2012,25.4,119
Venezuela,2012,25.4,118
Uganda,2012,25.6,117
Lesoto,2012,25.7,116
Zimbabue,2012,25.7,115
Bolivia,2012,25.8,114
Nepal,2012,26.0,113
Bangladés,2012,26.1,112
Honduras,2012,26.3,111
Mozambique,2012,26.3,110
Kirguistán,2012,26.4,109
Tayikistán,2012,26.4,108
Zambia,2012,26.4,107
Gabón,2012,26.5,106
Nicaragua,2012,26.7,105
Irán,2012,27.3,104
Egipto,2012,27.9,103
Fiyi,2012,27.9,101
Ruanda,2012,27.9,102
Indonesia,2012,28.1,100
Guatemala,2012,28.4,99
Ecuador,2012,28.5,98
Senegal,2012,28.8,97
Kenia,2012,28.9,96
Filipinas,2012,29.0,95
Sri Lanka,2012,29.1,94
El Salvador,2012,29.5,93
Ghana,2012,29.6,92
Jamaica,2012,30.2,91
Albania,2012,30.4,90
Azerbaiyán,2012,30.4,89
Marruecos,2012,30.7,88
República Dominicana,2012,30.9,86
Panamá,2012,30.9,87
Botsuana,2012,31.4,85
Paraguay,2012,31.6,84
Kazajistán,2012,31.9,83
Suazilandia,2012,32.0,82
Belice,2012,32.5,80
Trinidad y Tobago,2012,32.5,81
Bielorrusia,2012,32.9,78
México,2012,32.9,79
Guyana,2012,33.7,77
Vietnam,2012,33.9,76
Namibia,2012,34.1,73
Perú,2012,34.1,75
Turquía,2012,34.1,74
Bosnia y Herzegovina,2012,34.2,72
Georgia,2012,34.3,71
Argentina,2012,34.4,70
Armenia,2012,34.5,69
Mongolia,2012,35.0,68
Uruguay,2012,35.1,67
Grecia,2012,35.3,66
Colombia,2012,35.5,65
India,2012,35.7,64
Ucrania,2012,36.1,63
Líbano,2012,36.2,61
Macedonia del Norte,2012,36.2,62
Costa Rica,2012,36.3,60
Túnez,2012,36.5,59
Brasil,2012,36.6,58
Tailandia,2012,36.9,57
Jordania,2012,37.1,56
Kuwait,2012,37.2,55
Sudáfrica,2012,37.4,54
Brunéi,2012,37.7,53
Rumania,2012,37.8,52
Rusia,2012,37.9,51
Mauricio,2012,39.2,49
Moldavia,2012,39.2,50
Arabia Saudita,2012,39.3,48
Omán,2012,39.5,47
Serbia,2012,40.0,46
Montenegro,2012,40.1,45
Polonia,2012,40.4,44
Bulgaria,2012,40.7,43
Croacia,2012,40.7,42
Baréin,2012,41.1,41
Eslovaquia,2012,41.4,40
Chile,2012,42.7,39
Lituania,2012,44.0,38
Emiratos Árabes Unidos,2012,44.4,37
Italia,2012,44.5,36
Portugal,2012,45.3,35
República Popular China,2012,45.4,34
Catar,2012,45.5,33
Malasia,2012,45.9,32
Hungría,2012,46.5,31
Letonia,2012,47.0,30
España,2012,47.2,29
Chipre,2012,47.9,28
República Checa,2012,49.7,27
Eslovenia,2012,49.9,26
Japón,2012,51.7,25
Francia,2012,51.8,24
Australia,2012,51.9,23
Austria,2012,53.1,22
Corea del Sur,2012,53.9,21
Bélgica,2012,54.3,20
Estonia,2012,55.3,19
Islandia,2012,55.7,18
Israel,2012,56.0,17
Malta,2012,56.1,16
Alemania,2012,56.2,15
Noruega,2012,56.4,14
Nueva Zelanda,2012,56.6,13
Canadá,2012,56.9,12
Luxemburgo,2012,57.7,11
Estados Unidos,2012,57.7,10
Hong Kong,2012,58.7,8
Irlanda,2012,58.7,9
Dinamarca,2012,59.9,7
Países Bajos,2012,60.5,6
Reino Unido,2012,61.2,5
Finlandia,2012,61.8,4
Singapur,2012,63.5,3
Suecia,2012,64.8,2
Suiza,2012,68.2,1
Bután,2013,0.0,0
Burundi,2013,0.0,0
Irak,2013,0.0,0
Laos,2013,0.0,0
Mauritania,2013,0.0,0
Birmania,2013,0.0,0
Seychelles,2013,0.0,0
Yemen,2013,19.3,142
Sudán,2013,19.8,141
Madagascar,2013,22.9,140
Togo,2013,23.0,139
Argelia,2013,23.1,138
Pakistán,2013,23.3,137
Costa de Marfil,2013,23.4,136
Angola,2013,23.5,135
Siria,2013,23.7,134
Uzbekistán,2013,23.9,133
Níger,2013,24.0,131
Zimbabue,2013,24.0,132
Bangladés,2013,24.5,130
Etiopía,2013,24.8,129
Nepal,2013,25.0,128
Benín,2013,25.1,127
Camerún,2013,25.7,125
Guinea,2013,25.7,126
Lesoto,2013,26.3,124
Gambia,2013,26.4,122
Tanzania,2013,26.4,123
Mozambique,2013,26.5,121
Nigeria,2013,26.6,120
Malaui,2013,26.7,119
Zambia,2013,26.8,118
Burkina Faso,2013,27.0,116
Kirguistán,2013,27.0,117
Nicaragua,2013,27.1,115
Irán,2013,27.3,113
Venezuela,2013,27.3,114
Ruanda,2013,27.6,112
Gabón,2013,28.0,111
Camboya,2013,28.1,110
Namibia,2013,28.4,109
Egipto,2013,28.5,108
Honduras,2013,28.8,107
Mali,2013,28.8,106
Azerbaiyán,2013,29.0,105
Suazilandia,2013,29.6,104
Cabo Verde,2013,29.7,103
Belice,2013,30.0,102
Tayikistán,2013,30.0,101
Kenia,2013,30.3,99
Paraguay,2013,30.3,100
Sri Lanka,2013,30.4,98
Bolivia,2013,30.5,95
Fiyi,2013,30.5,97
Senegal,2013,30.5,96
Ghana,2013,30.6,94
Albania,2013,30.9,93
Marruecos,2013,30.9,92
Botsuana,2013,31.1,91
Filipinas,2013,31.2,90
Uganda,2013,31.2,89
El Salvador,2013,31.3,88
Guatemala,2013,31.5,87
Panamá,2013,31.8,86
Indonesia,2013,32.0,85
Kazajistán,2013,32.7,84
Ecuador,2013,32.8,83
Jamaica,2013,32.9,82
Trinidad y Tobago,2013,33.2,81
República Dominicana,2013,33.3,79
Omán,2013,33.3,80
Guyana,2013,34.4,78
Bielorrusia,2013,34.6,77
Vietnam,2013,34.8,76
Brunéi,2013,35.5,74
Líbano,2013,35.5,75
Georgia,2013,35.6,73
Mongolia,2013,35.8,72
Túnez,2013,35.8,70
Ucrania,2013,35.8,71
Perú,2013,36.0,69
Turquía,2013,36.0,68
Baréin,2013,36.1,67
Bosnia y Herzegovina,2013,36.2,65
India,2013,36.2,66
Brasil,2013,36.3,64
México,2013,36.8,63
Rusia,2013,37.2,62
Jordania,2013,37.3,61
Colombia,2013,37.4,60
Armenia,2013,37.6,59
Sudáfrica,2013,37.6,58
Tailandia,2013,37.6,57
Argentina,2013,37.7,56
Grecia,2013,37.7,55
Serbia,2013,37.9,54
Mauricio,2013,38.0,53
Uruguay,2013,38.1,52
Macedonia del Norte,2013,38.2,51
Kuwait,2013,40.0,50
Polonia,2013,40.1,49
Rumania,2013,40.3,48
Barbados,2013,40.5,47
Chile,2013,40.6,46
Moldavia,2013,40.9,45
Montenegro,2013,41.0,44
Catar,2013,41.0,43
Arabia Saudita,2013,41.2,42
Bulgaria,2013,41.3,41
Lituania,2013,41.4,40
Costa Rica,2013,41.5,39
Croacia,2013,41.9,37
Emiratos Árabes Unidos,2013,41.9,38
Eslovaquia,2013,42.2,36
República Popular China,2013,44.7,35
Portugal,2013,45.1,34
Letonia,2013,45.2,33
Hungría,2013,46.9,31
Malasia,2013,46.9,32
Eslovenia,2013,47.3,30
Italia,2013,47.8,29
República Checa,2013,48.4,28
Chipre,2013,49.3,27
España,2013,49.4,26
Estonia,2013,50.6,25
Malta,2013,51.8,24
Austria,2013,51.9,23
Japón,2013,52.2,22
Bélgica,2013,52.5,21
Francia,2013,52.8,20
Australia,2013,53.1,19
Corea del Sur,2013,53.3,18
Nueva Zelanda,2013,54.5,17
Noruega,2013,55.6,16
Alemania,2013,55.8,15
Israel,2013,56.0,14
Islandia,2013,56.4,13
Luxemburgo,2013,56.6,12
Canadá,2013,57.6,11
Irlanda,2013,57.9,10
Dinamarca,2013,58.3,9
Hong Kong,2013,59.4,7
Singapur,2013,59.4,8
Finlandia,2013,59.5,6
Estados Unidos,2013,60.3,5
Países Bajos,2013,61.1,4
Reino Unido,2013,61.2,3
Suecia,2013,61.4,2
Suiza,2013,66.6,1
Belice,2014,0.0,0
Gabón,2014,0.0,0
Irak,2014,0.0,0
Laos,2014,0.0,0
Mauritania,2014,0.0,0
Siria,2014,0.0,0
Sudán,2014,12.7,143
Togo,2014,17.6,142
Yemen,2014,19.5,141
Birmania,2014,19.6,140
Guinea,2014,20.2,139
Burundi,2014,22.4,138
Tayikistán,2014,23.7,137
Angola,2014,23.8,135
Nepal,2014,23.8,136
Pakistán,2014,24.0,134
Argelia,2014,24.2,133
Benín,2014,24.2,132
Níger,2014,24.3,131
Zimbabue,2014,24.3,130
Bangladés,2014,24.4,129
Uzbekistán,2014,25.2,128
Suazilandia,2014,25.3,127
Etiopía,2014,25.4,126
Madagascar,2014,25.5,124
Nicaragua,2014,25.5,125
Tanzania,2014,25.6,123
Venezuela,2014,25.7,122
Zambia,2014,25.8,121
Irán,2014,26.1,120
Mali,2014,26.2,119
Honduras,2014,26.7,118
Costa de Marfil,2014,27.0,116
Lesoto,2014,27.0,117
Camerún,2014,27.5,114
Ecuador,2014,27.5,115
Malaui,2014,27.6,113
Bolivia,2014,27.8,111
Kirguistán,2014,27.8,112
Nigeria,2014,27.8,110
Burkina Faso,2014,28.2,109
Mozambique,2014,28.5,107
Namibia,2014,28.5,108
Camboya,2014,28.7,106
Gambia,2014,29.0,104
Sri Lanka,2014,29.0,105
El Salvador,2014,29.1,103
Ruanda,2014,29.3,102
Azerbaiyán,2014,29.6,101
Filipinas,2014,29.9,100
Egipto,2014,30.0,99
Cabo Verde,2014,30.1,97
Senegal,2014,30.1,98
Ghana,2014,30.3,96
Fiyi,2014,30.4,95
Albania,2014,30.5,94
Guatemala,2014,30.8,93
Botsuana,2014,30.9,92
Uganda,2014,31.1,91
Paraguay,2014,31.6,89
Trinidad y Tobago,2014,31.6,90
Brunéi,2014,31.7,88
Bután,2014,31.8,86
Indonesia,2014,31.8,87
Kenia,2014,31.9,85
Marruecos,2014,32.2,84
República Dominicana,2014,32.3,83
Bosnia y Herzegovina,2014,32.4,81
Jamaica,2014,32.4,82
Guyana,2014,32.5,80
Kazajistán,2014,32.8,79
Túnez,2014,32.9,78
Líbano,2014,33.6,77
India,2014,33.7,76
Omán,2014,33.9,75
Georgia,2014,34.5,74
Perú,2014,34.7,73
Uruguay,2014,34.8,72
Vietnam,2014,34.9,71
Argentina,2014,35.1,70
Kuwait,2014,35.2,69
Colombia,2014,35.5,68
Serbia,2014,35.9,67
México,2014,36.0,66
Armenia,2014,36.1,65
Jordania,2014,36.2,64
Baréin,2014,36.3,62
Brasil,2014,36.3,61
Ucrania,2014,36.3,63
Macedonia del Norte,2014,36.9,60
Montenegro,2014,37.0,59
Bielorrusia,2014,37.1,58
Costa Rica,2014,37.3,57
Mongolia,2014,37.5,56
Rumania,2014,38.1,55
Sudáfrica,2014,38.2,53
Turquía,2014,38.2,54
Panamá,2014,38.3,52
Seychelles,2014,38.6,51
Grecia,2014,38.9,50
Rusia,2014,39.1,49
Tailandia,2014,39.3,48
Catar,2014,40.3,47
Chile,2014,40.6,46
Polonia,2014,40.6,45
Bulgaria,2014,40.7,44
Croacia,2014,40.7,42
Moldavia,2014,40.7,43
Barbados,2014,40.8,41
Mauricio,2014,40.9,40
Lituania,2014,41.0,39
Arabia Saudita,2014,41.6,38
Eslovaquia,2014,41.9,37
Emiratos Árabes Unidos,2014,43.2,36
Hungría,2014,44.6,35
Letonia,2014,44.8,34
Malasia,2014,45.6,33
Portugal,2014,45.6,32
Italia,2014,45.7,31
Chipre,2014,45.8,30
República Popular China,2014,46.6,29
Eslovenia,2014,47.2,28
España,2014,49.3,27
República Checa,2014,50.2,26
Malta,2014,50.4,25
Estonia,2014,51.5,24
Bélgica,2014,51.7,23
Francia,2014,52.2,22
Japón,2014,52.4,21
Austria,2014,53.4,20
Islandia,2014,54.1,19
Nueva Zelanda,2014,54.5,18
Australia,2014,55.0,17
Corea del Sur,2014,55.3,16
Israel,2014,55.5,15
Noruega,2014,55.6,14
Alemania,2014,56.0,13
Canadá,2014,56.1,12
Irlanda,2014,56.7,11
Hong Kong,2014,56.8,10
Luxemburgo,2014,56.9,9
Dinamarca,2014,57.5,8
Singapur,2014,59.2,7
Estados Unidos,2014,60.1,6
Países Bajos,2014,60.6,5
Finlandia,2014,60.7,4
Suecia,2014,62.3,3
Reino Unido,2014,62.4,2
Suiza,2014,64.8,1
Belice,2015,0.0,0
Benín,2015,0.0,0
Brunéi,2015,0.0,0
Gabón,2015,0.0,0
Irak,2015,0.0,0
Laos,2015,0.0,0
Mauritania,2015,0.0,0
Siria,2015,0.0,0
Sudán,2015,15.0,141
Togo,2015,18.4,140
Guinea,2015,18.5,139
Birmania,2015,20.3,138
Yemen,2015,20.8,137
Burundi,2015,21.0,136
Nepal,2015,21.1,135
Níger,2015,21.2,134
Zimbabue,2015,22.5,133
Venezuela,2015,22.8,132
Pakistán,2015,23.1,131
Nicaragua,2015,23.5,130
Bangladés,2015,23.7,129
Nigeria,2015,23.7,128
Etiopía,2015,24.2,127
Argelia,2015,24.4,126
Madagascar,2015,24.4,125
Zambia,2015,24.6,124
Suazilandia,2015,25.4,123
Uzbekistán,2015,25.9,122
Bután,2015,26.1,121
Angola,2015,26.2,120
Ecuador,2015,26.9,119
Lesoto,2015,27.0,118
Tanzania,2015,27.0,117
Costa de Marfil,2015,27.2,116
Fiyi,2015,27.3,115
Gambia,2015,27.5,112
Honduras,2015,27.5,113
Tayikistán,2015,27.5,114
Uganda,2015,27.6,111
Camerún,2015,27.8,110
Ghana,2015,28.0,108
Kirguistán,2015,28.0,109
Namibia,2015,28.1,107
Irán,2015,28.4,106
Mali,2015,28.4,105
Bolivia,2015,28.6,104
Cabo Verde,2015,28.6,103
Burkina Faso,2015,28.7,102
Guatemala,2015,28.8,101
Egipto,2015,28.9,100
El Salvador,2015,29.3,99
Malaui,2015,29.7,98
Indonesia,2015,29.8,97
Jamaica,2015,29.9,96
Azerbaiyán,2015,30.1,93
Mozambique,2015,30.1,95
Ruanda,2015,30.1,94
Kenia,2015,30.2,92
Camboya,2015,30.4,91
Botsuana,2015,30.5,90
República Dominicana,2015,30.6,89
Albania,2015,30.7,87
Guyana,2015,30.7,86
Paraguay,2015,30.7,88
Sri Lanka,2015,30.8,85
Senegal,2015,31.0,84
Filipinas,2015,31.1,83
Kazajistán,2015,31.2,82
India,2015,31.7,81
Trinidad y Tobago,2015,32.2,80
Bosnia y Herzegovina,2015,32.3,79
Kuwait,2015,33.2,77
Marruecos,2015,33.2,78
Túnez,2015,33.5,76
Georgia,2015,33.8,73
Jordania,2015,33.8,75
Líbano,2015,33.8,74
Argentina,2015,34.3,72
Brasil,2015,34.9,70
Perú,2015,34.9,71
Omán,2015,35.0,69
Uruguay,2015,35.8,68
Colombia,2015,36.4,67
Mongolia,2015,36.4,66
Seychelles,2015,36.4,65
Serbia,2015,36.5,63
Ucrania,2015,36.5,64
Panamá,2015,36.8,62
Armenia,2015,37.3,61
Sudáfrica,2015,37.4,60
Baréin,2015,37.7,59
Turquía,2015,37.8,58
México,2015,38.0,57
Macedonia del Norte,2015,38.0,56
Tailandia,2015,38.1,55
Bielorrusia,2015,38.2,53
Rumania,2015,38.2,54
Vietnam,2015,38.3,52
Costa Rica,2015,38.6,51
Catar,2015,39.0,50
Mauricio,2015,39.2,49
Rusia,2015,39.3,48
Emiratos Árabes Unidos,2015,40.1,47
Polonia,2015,40.2,46
Grecia,2015,40.3,45
Moldavia,2015,40.5,44
Arabia Saudita,2015,40.7,43
Chile,2015,41.2,42
Montenegro,2015,41.2,41
Croacia,2015,41.7,40
Bulgaria,2015,42.2,39
Lituania,2015,42.3,38
Barbados,2015,42.5,37
Hungría,2015,43.0,35
Eslovaquia,2015,43.0,36
Chipre,2015,43.5,34
Letonia,2015,45.5,33
Malasia,2015,46.0,32
Italia,2015,46.4,31
Portugal,2015,46.6,30
República Popular China,2015,47.5,29
Eslovenia,2015,48.5,28
España,2015,49.1,27
Malta,2015,50.5,26
Bélgica,2015,50.9,25
República Checa,2015,51.3,24
Estonia,2015,52.8,23
Israel,2015,53.5,22
Francia,2015,53.6,21
Noruega,2015,53.8,20
Japón,2015,54.0,19
Austria,2015,54.1,18
Australia,2015,55.2,17
Canadá,2015,55.7,16
Nueva Zelanda,2015,55.9,15
Corea del Sur,2015,56.3,14
Islandia,2015,57.0,13
Alemania,2015,57.1,12
Hong Kong,2015,57.2,11
Dinamarca,2015,57.7,10
Luxemburgo,2015,59.0,9
Irlanda,2015,59.1,8
Singapur,2015,59.4,7
Finlandia,2015,60.0,6
Estados Unidos,2015,60.1,5
Países Bajos,2015,61.6,4
Suecia,2015,62.4,3
Reino Unido,2015,62.4,2
Suiza,2015,68.3,1
Angola,2016,0.0,0
Barbados,2016,0.0,0
Belice,2016,0.0,0
Brunéi,2016,0.0,0
Cabo Verde,2016,0.0,0
Fiyi,2016,0.0,0
Gabón,2016,0.0,0
Gambia,2016,0.0,0
Guyana,2016,0.0,0
Irak,2016,0.0,0
Laos,2016,0.0,0
Lesoto,2016,0.0,0
Mauritania,2016,0.0,0
Birmania,2016,0.0,0
Seychelles,2016,0.0,0
Sudán,2016,0.0,0
Suazilandia,2016,0.0,0
Siria,2016,0.0,0
Trinidad y Tobago,2016,0.0,0
Uzbekistán,2016,0.0,0
Zimbabue,2016,0.0,0
Yemen,2016,14.6,128
Guinea,2016,17.2,127
Togo,2016,18.4,126
Zambia,2016,19.9,125
Níger,2016,20.4,124
Burundi,2016,20.9,123
Burkina Faso,2016,21.0,122
Benín,2016,22.2,121
Venezuela,2016,22.3,120
Pakistán,2016,22.6,119
Camerún,2016,22.8,118
Bangladés,2016,22.9,117
Nepal,2016,23.1,115
Nicaragua,2016,23.1,116
Nigeria,2016,23.1,114
Argelia,2016,24.5,113
Etiopía,2016,24.8,110
Madagascar,2016,24.8,111
Mali,2016,24.8,112
Bolivia,2016,25.2,109
Costa de Marfil,2016,25.8,108
Egipto,2016,26.0,107
Senegal,2016,26.1,106
Tanzania,2016,26.4,105
El Salvador,2016,26.6,104
Kirguistán,2016,26.6,103
Ghana,2016,26.7,102
Honduras,2016,26.9,101
Ecuador,2016,27.1,100
Uganda,2016,27.1,99
Guatemala,2016,27.3,97
Malaui,2016,27.3,98
Bután,2016,27.9,96
Camboya,2016,27.9,95
Namibia,2016,28.2,93
Paraguay,2016,28.2,94
Albania,2016,28.4,92
Sri Lanka,2016,28.9,91
Botsuana,2016,29.0,90
Jamaica,2016,29.0,89
Indonesia,2016,29.1,88
Azerbaiyán,2016,29.6,85
Bosnia y Herzegovina,2016,29.6,87
Tayikistán,2016,29.6,86
Mozambique,2016,29.8,84
Jordania,2016,30.0,82
Ruanda,2016,30.0,83
Argentina,2016,30.2,81
Bielorrusia,2016,30.4,79
Kenia,2016,30.4,80
Irán,2016,30.5,78
República Dominicana,2016,30.6,76
Túnez,2016,30.6,77
Kazajistán,2016,31.5,75
Filipinas,2016,31.8,74
Omán,2016,32.2,73
Marruecos,2016,32.3,72
Perú,2016,32.5,71
Líbano,2016,32.7,70
Brasil,2016,33.2,69
Panamá,2016,33.5,68
India,2016,33.6,66
Kuwait,2016,33.6,67
Serbia,2016,33.8,65
Georgia,2016,33.9,64
Colombia,2016,34.2,63
Uruguay,2016,34.3,62
México,2016,34.6,61
Armenia,2016,35.1,60
Macedonia del Norte,2016,35.4,58
Vietnam,2016,35.4,59
Baréin,2016,35.5,57
Mongolia,2016,35.7,55
Ucrania,2016,35.7,56
Sudáfrica,2016,35.8,54
Mauricio,2016,35.9,53
Tailandia,2016,36.5,52
Montenegro,2016,37.4,51
Catar,2016,37.5,50
Arabia Saudita,2016,37.8,49
Rumania,2016,37.9,48
Croacia,2016,38.3,47
Chile,2016,38.4,44
Costa Rica,2016,38.4,45
Moldavia,2016,38.4,46
Rusia,2016,38.5,43
Turquía,2016,39.0,42
Emiratos Árabes Unidos,2016,39.4,41
Grecia,2016,39.8,40
Polonia,2016,40.2,39
Bulgaria,2016,41.4,38
Eslovaquia,2016,41.7,37
Lituania,2016,41.8,36
Malasia,2016,43.4,35
Letonia,2016,44.3,34
Hungría,2016,44.7,33
Eslovenia,2016,46.0,32
Chipre,2016,46.3,31
Portugal,2016,46.4,30
Italia,2016,47.2,29
España,2016,49.2,28
República Checa,2016,49.4,27
Malta,2016,50.4,26
República Popular China,2016,50.6,25
Estonia,2016,51.7,24
Bélgica,2016,52.0,23
Noruega,2016,52.0,22
Israel,2016,52.3,21
Austria,2016,52.6,20
Australia,2016,53.1,19
Francia,2016,54.0,18
Nueva Zelanda,2016,54.2,17
Japón,2016,54.5,16
Canadá,2016,54.7,15
Hong Kong,2016,55.7,14
Islandia,2016,56.0,13
Corea del Sur,2016,57.1,11
Luxemburgo,2016,57.1,12
Alemania,2016,57.9,10
Países Bajos,2016,58.3,9
Dinamarca,2016,58.5,8
Irlanda,2016,59.0,7
Singapur,2016,59.2,6
Finlandia,2016,59.9,5
Estados Unidos,2016,61.4,4
Reino Unido,2016,61.9,3
Suecia,2016,63.6,2
Suiza,2016,66.3,1
Angola,2017,0.0,0
Barbados,2017,0.0,0
Belice,2017,0.0,0
Bután,2017,0.0,0
Cabo Verde,2017,0.0,0
Fiyi,2017,0.0,0
Gabón,2017,0.0,0
Gambia,2017,0.0,0
Ghana,2017,0.0,0
Guyana,2017,0.0,0
Irak,2017,0.0,0
Laos,2017,0.0,0
Lesoto,2017,0.0,0
Mauritania,2017,0.0,0
Birmania,2017,0.0,0
Nicaragua,2017,0.0,0
Seychelles,2017,0.0,0
Sudán,2017,0.0,0
Suazilandia,2017,0.0,0
Siria,2017,0.0,0
Uzbekistán,2017,0.0,0
Venezuela,2017,0.0,0
Yemen,2017,15.6,127
Guinea,2017,17.4,126
Togo,2017,18.4,125
Zambia,2017,20.8,124
Níger,2017,21.2,123
Burundi,2017,21.3,122
Zimbabue,2017,21.8,121
Burkina Faso,2017,21.9,120
Nigeria,2017,21.9,119
Mali,2017,22.5,118
Camerún,2017,22.6,117
Benín,2017,23.0,116
Malaui,2017,23.5,115
Bangladés,2017,23.7,114
Pakistán,2017,23.8,113
Costa de Marfil,2017,24.0,112
Etiopía,2017,24.2,110
Madagascar,2017,24.2,111
Nepal,2017,24.2,109
Argelia,2017,24.3,108
Mozambique,2017,24.5,107
Bolivia,2017,25.6,106
Egipto,2017,26.0,105
Honduras,2017,26.4,104
El Salvador,2017,26.7,103
Camboya,2017,27.0,101
Uganda,2017,27.0,102
Senegal,2017,27.1,100
Ruanda,2017,27.4,99
Guatemala,2017,27.9,98
Namibia,2017,27.9,97
Kirguistán,2017,28.0,95
Tanzania,2017,28.0,96
Tayikistán,2017,28.2,94
Albania,2017,28.9,93
Ecuador,2017,29.1,92
Trinidad y Tobago,2017,29.7,91
Sri Lanka,2017,29.9,90
Bielorrusia,2017,30.0,88
Botsuana,2017,30.0,89
Indonesia,2017,30.1,87
Bosnia y Herzegovina,2017,30.2,86
Paraguay,2017,30.3,85
Jamaica,2017,30.4,84
Jordania,2017,30.5,83
Azerbaiyán,2017,30.6,82
Líbano,2017,30.6,81
Kenia,2017,31.0,80
República Dominicana,2017,31.2,79
Kazajistán,2017,31.5,78
Omán,2017,31.8,77
Argentina,2017,32.0,76
Irán,2017,32.1,75
Túnez,2017,32.3,74
Filipinas,2017,32.5,73
Marruecos,2017,32.7,72
Brunéi,2017,32.9,71
Perú,2017,32.9,70
Brasil,2017,33.1,69
Georgia,2017,34.4,68
Uruguay,2017,34.5,67
Baréin,2017,34.7,66
Colombia,2017,34.8,65
Mauricio,2017,34.8,64
Panamá,2017,35.0,63
Serbia,2017,35.3,62
Macedonia del Norte,2017,35.4,61
India,2017,35.5,60
Armenia,2017,35.7,59
México,2017,35.8,58
Sudáfrica,2017,35.8,57
Kuwait,2017,36.1,56
Arabia Saudita,2017,36.2,55
Moldavia,2017,36.8,54
Costa Rica,2017,37.1,53
Mongolia,2017,37.1,52
Tailandia,2017,37.6,51
Ucrania,2017,37.6,50
Catar,2017,37.9,49
Montenegro,2017,38.1,48
Vietnam,2017,38.3,47
Chile,2017,38.7,46
Grecia,2017,38.8,44
Rusia,2017,38.8,45
Turquía,2017,38.9,43
Rumania,2017,39.2,42
Croacia,2017,39.8,41
Lituania,2017,41.2,40
Hungría,2017,41.7,39
Polonia,2017,42.0,38
Malasia,2017,42.7,37
Bulgaria,2017,42.8,36
Emiratos Árabes Unidos,2017,43.2,35
Eslovaquia,2017,43.4,34
Letonia,2017,44.6,33
Eslovenia,2017,45.8,32
Portugal,2017,46.1,31
Chipre,2017,46.8,30
Italia,2017,47.0,29
España,2017,48.8,28
Bélgica,2017,49.9,27
Malta,2017,50.6,26
Estonia,2017,50.9,25
República Checa,2017,51.0,24
Australia,2017,51.8,23
República Popular China,2017,52.5,22
Nueva Zelanda,2017,52.9,21
Austria,2017,53.1,20
Noruega,2017,53.1,19
Canadá,2017,53.7,18
Hong Kong,2017,53.9,16
Israel,2017,53.9,17
Francia,2017,54.2,15
Japón,2017,54.7,14
Islandia,2017,55.8,13
Luxemburgo,2017,56.4,12
Corea del Sur,2017,57.7,11
Irlanda,2017,58.1,10
Alemania,2017,58.4,9
Finlandia,2017,58.5,8
Dinamarca,2017,58.7,6
Singapur,2017,58.7,7
Reino Unido,2017,60.9,5
Estados Unidos,2017,61.4,4
Países Bajos,2017,63.4,3
Suecia,2017,63.8,2
Suiza,2017,67.7,1
Angola,2018,0.0,0
Barbados,2018,0.0,0
Belice,2018,0.0,0
Bután,2018,0.0,0
Burundi,2018,0.0,0
Cabo Verde,2018,0.0,0
Etiopía,2018,0.0,0
Fiyi,2018,0.0,0
Gabón,2018,0.0,0
Gambia,2018,0.0,0
Guyana,2018,0.0,0
Irak,2018,0.0,0
Laos,2018,0.0,0
Lesoto,2018,0.0,0
Mauritania,2018,0.0,0
Birmania,2018,0.0,0
Nicaragua,2018,0.0,0
Seychelles,2018,0.0,0
Sudán,2018,0.0,0
Suazilandia,2018,0.0,0
Siria,2018,0.0,0
Uzbekistán,2018,0.0,0
Venezuela,2018,0.0,0
Yemen,2018,15.0,126
Burkina Faso,2018,18.9,124
Togo,2018,18.9,125
Costa de Marfil,2018,20.0,123
Benín,2018,20.6,121
Níger,2018,20.6,122
Guinea,2018,20.7,119
Zambia,2018,20.7,120
Nigeria,2018,22.4,118
Bolivia,2018,22.9,117
Bangladés,2018,23.1,116
Malaui,2018,23.1,114
Mozambique,2018,23.1,115
Zimbabue,2018,23.1,113
Mali,2018,23.3,112
Camerún,2018,23.8,111
Argelia,2018,23.9,110
Pakistán,2018,24.1,109
Nepal,2018,24.2,108
Ghana,2018,24.5,107
Madagascar,2018,24.8,106
Honduras,2018,24.9,105
El Salvador,2018,25.1,104
Uganda,2018,25.3,103
Guatemala,2018,25.5,102
Ruanda,2018,26.5,99
Senegal,2018,26.5,100
Tayikistán,2018,26.5,101
Camboya,2018,26.7,98
Ecuador,2018,26.8,97
Trinidad y Tobago,2018,27.0,96
Egipto,2018,27.2,95
Kirguistán,2018,27.6,94
Namibia,2018,28.0,93
Tanzania,2018,28.1,92
Botsuana,2018,28.2,91
Líbano,2018,28.2,90
Paraguay,2018,28.7,89
Sri Lanka,2018,28.7,88
República Dominicana,2018,29.3,87
Bielorrusia,2018,29.4,86
Indonesia,2018,29.8,85
Macedonia del Norte,2018,29.9,84
Albania,2018,30.0,83
Azerbaiyán,2018,30.2,82
Jamaica,2018,30.4,81
Argentina,2018,30.7,80
Jordania,2018,30.8,79
Bosnia y Herzegovina,2018,31.1,77
Kenia,2018,31.1,78
Marruecos,2018,31.1,76
Mauricio,2018,31.3,75
Kazajistán,2018,31.4,74
Filipinas,2018,31.6,73
Baréin,2018,31.7,72
Perú,2018,31.8,71
Panamá,2018,32.4,70
Armenia,2018,32.8,68
Brunéi,2018,32.8,67
Omán,2018,32.8,69
Túnez,2018,32.9,66
Brasil,2018,33.4,64
Irán,2018,33.4,65
Colombia,2018,33.8,63
Uruguay,2018,34.2,62
Arabia Saudita,2018,34.3,61
Kuwait,2018,34.4,60
Georgia,2018,35.0,59
Sudáfrica,2018,35.1,58
India,2018,35.2,57
México,2018,35.3,56
Serbia,2018,35.5,55
Costa Rica,2018,35.7,54
Mongolia,2018,35.9,53
Montenegro,2018,36.5,52
Catar,2018,36.6,51
Turquía,2018,37.4,50
Moldavia,2018,37.6,48
Rumania,2018,37.6,49
Chile,2018,37.8,47
Rusia,2018,37.9,46
Vietnam,2018,37.9,45
Tailandia,2018,38.0,44
Ucrania,2018,38.5,43
Grecia,2018,38.9,42
Croacia,2018,40.7,41
Lituania,2018,41.2,40
Polonia,2018,41.7,39
Bulgaria,2018,42.6,37
Emiratos Árabes Unidos,2018,42.6,38
Eslovaquia,2018,42.9,36
Malasia,2018,43.0,35
Letonia,2018,43.2,34
Hungría,2018,44.9,33
Portugal,2018,45.7,32
Italia,2018,46.3,31
Eslovenia,2018,46.9,30
Chipre,2018,47.8,29
República Checa,2018,48.7,27
España,2018,48.7,28
Malta,2018,50.3,26
Bélgica,2018,50.5,25
Estonia,2018,50.5,24
Islandia,2018,51.2,23
Austria,2018,51.3,21
Nueva Zelanda,2018,51.3,22
Australia,2018,52.0,20
Noruega,2018,52.6,19
Canadá,2018,53.0,18
República Popular China,2018,53.1,17
Francia,2018,54.4,16
Luxemburgo,2018,54.5,15
Hong Kong,2018,54.6,14
Japón,2018,55.0,13
Corea del Sur,2018,56.6,12
Israel,2018,56.8,11
Irlanda,2018,57.2,10
Alemania,2018,58.0,9
Dinamarca,2018,58.4,8
Finlandia,2018,59.6,7
Singapur,2018,59.8,5
Estados Unidos,2018,59.8,6
Reino Unido,2018,60.1,4
Suecia,2018,63.1,3
Países Bajos,2018,63.3,2
Suiza,2018,68.4,1
Angola,2019,0.0,0
Barbados,2019,0.0,0
Belice,2019,0.0,0
Bután,2019,0.0,0
Cabo Verde,2019,0.0,0
Fiyi,2019,0.0,0
Gabón,2019,0.0,0
Gambia,2019,0.0,0
Guyana,2019,0.0,0
Irak,2019,0.0,0
Laos,2019,0.0,0
Lesoto,2019,0.0,0
Mauritania,2019,0.0,0
Birmania,2019,0.0,0
Seychelles,2019,0.0,0
Sudán,2019,0.0,0
Suazilandia,2019,0.0,0
Siria,2019,0.0,0
Uzbekistán,2019,0.0,0
Venezuela,2019,0.0,0
Yemen,2019,14.5,129
Burundi,2019,17.6,128
Níger,2019,18.1,127
Togo,2019,18.5,126
Guinea,2019,19.5,125
Benín,2019,20.4,123
Zambia,2019,20.4,124
Zimbabue,2019,22.3,122
Madagascar,2019,22.4,121
Nicaragua,2019,22.5,120
Mozambique,2019,22.9,119
Malaui,2019,23.0,118
Bangladés,2019,23.3,116
Burkina Faso,2019,23.3,117
Camerún,2019,23.9,115
Nigeria,2019,23.9,114
Argelia,2019,24.0,113
Mali,2019,24.0,112
Etiopía,2019,24.2,111
Bolivia,2019,24.8,110
El Salvador,2019,24.9,108
Nepal,2019,24.9,109
Guatemala,2019,25.1,107
Ghana,2019,25.3,106
Pakistán,2019,25.4,105
Honduras,2019,25.5,104
Costa de Marfil,2019,25.6,103
Uganda,2019,25.6,102
Namibia,2019,25.9,101
Tayikistán,2019,26.4,100
Camboya,2019,26.6,98
Ecuador,2019,26.6,99
Tanzania,2019,26.6,97
Senegal,2019,26.8,96
Paraguay,2019,27.1,95
Botsuana,2019,27.4,93
Ruanda,2019,27.4,94
Egipto,2019,27.5,92
Trinidad y Tobago,2019,28.1,91
Kirguistán,2019,28.4,90
Líbano,2019,28.5,88
Sri Lanka,2019,28.5,89
República Dominicana,2019,28.6,87
Jordania,2019,29.6,86
Indonesia,2019,29.7,85
Azerbaiyán,2019,30.2,84
Albania,2019,30.3,83
Mauricio,2019,30.6,82
Jamaica,2019,30.8,81
Kazajistán,2019,31.0,79
Omán,2019,31.0,80
Baréin,2019,31.1,78
Kenia,2019,31.1,77
Bosnia y Herzegovina,2019,31.4,76
Panamá,2019,31.5,75
Marruecos,2019,31.6,74
Argentina,2019,31.9,73
Bielorrusia,2019,32.1,72
Brunéi,2019,32.3,71
Túnez,2019,32.8,70
Perú,2019,32.9,69
Arabia Saudita,2019,32.9,68
Colombia,2019,33.0,67
Brasil,2019,33.8,66
Catar,2019,33.9,65
Armenia,2019,34.0,64
Sudáfrica,2019,34.0,63
Uruguay,2019,34.3,62
Irán,2019,34.4,61
Kuwait,2019,34.6,60
Macedonia del Norte,2019,35.3,59
Moldavia,2019,35.5,58
Serbia,2019,35.7,57
Costa Rica,2019,36.1,55
México,2019,36.1,56
Filipinas,2019,36.2,54
Mongolia,2019,36.3,53
Chile,2019,36.6,51
India,2019,36.6,52
Rumania,2019,36.8,50
Turquía,2019,36.9,49
Georgia,2019,37.0,48
Ucrania,2019,37.4,47
Rusia,2019,37.6,46
Montenegro,2019,37.7,45
Croacia,2019,37.8,44
Tailandia,2019,38.6,43
Vietnam,2019,38.8,42
Grecia,2019,38.9,41
Bulgaria,2019,40.3,40
Polonia,2019,41.3,39
Lituania,2019,41.5,38
Eslovaquia,2019,42.0,37
Emiratos Árabes Unidos,2019,42.2,36
Malasia,2019,42.7,35
Letonia,2019,43.2,34
Hungría,2019,44.5,33
Portugal,2019,44.6,32
Eslovenia,2019,45.3,31
Italia,2019,46.3,30
España,2019,47.9,29
Chipre,2019,48.3,28
Malta,2019,49.0,27
República Checa,2019,49.4,26
Nueva Zelanda,2019,49.6,25
Estonia,2019,50.0,24
Bélgica,2019,50.2,23
Australia,2019,50.3,22
Austria,2019,50.9,21
Islandia,2019,51.5,20
Noruega,2019,51.9,19
Luxemburgo,2019,53.5,18
Canadá,2019,53.9,17
Francia,2019,54.2,16
Japón,2019,54.7,15
República Popular China,2019,54.8,14
Hong Kong,2019,55.5,13
Irlanda,2019,56.1,12
Corea del Sur,2019,56.6,11
Israel,2019,57.4,10
Alemania,2019,58.2,9
Dinamarca,2019,58.4,7
Singapur,2019,58.4,8
Finlandia,2019,59.8,6
Reino Unido,2019,61.3,5
Países Bajos,2019,61.4,4
Estados Unidos,2019,61.7,3
Suecia,2019,63.7,2
Suiza,2019,67.2,1
Angola,2020,0.0,0
Barbados,2020,0.0,0
Belice,2020,0.0,0
Bután,2020,0.0,0
Burundi,2020,0.0,0
Fiyi,2020,0.0,0
Gabón,2020,0.0,0
Gambia,2020,0.0,0
Guyana,2020,0.0,0
Irak,2020,0.0,0
Lesoto,2020,0.0,0
Mauritania,2020,0.0,0
Nicaragua,2020,0.0,0
Seychelles,2020,0.0,0
Sudán,2020,0.0,0
Suazilandia,2020,0.0,0
Siria,2020,0.0,0
Venezuela,2020,0.0,0
Yemen,2020,13.6,131
Guinea,2020,17.3,130
Birmania,2020,17.7,129
Níger,2020,17.8,128
Benín,2020,18.1,126
Etiopía,2020,18.1,127
Togo,2020,18.5,125
Mozambique,2020,18.7,124
Mali,2020,19.2,123
Zambia,2020,19.4,122
Argelia,2020,19.5,121
Burkina Faso,2020,20.0,118
Camerún,2020,20.0,119
Zimbabue,2020,20.0,120
Nigeria,2020,20.1,117
Bangladés,2020,20.4,116
Madagascar,2020,20.4,115
Uganda,2020,20.5,114
Laos,2020,20.6,113
Costa de Marfil,2020,21.2,112
Malaui,2020,21.4,111
Camboya,2020,21.5,110
Tayikistán,2020,22.2,109
Ghana,2020,22.3,108
Pakistán,2020,22.3,107
Bolivia,2020,22.4,105
Guatemala,2020,22.4,106
Namibia,2020,22.5,104
Honduras,2020,23.0,103
Senegal,2020,23.7,102
Sri Lanka,2020,23.8,101
Cabo Verde,2020,23.9,100
Ecuador,2020,24.1,99
Paraguay,2020,24.1,97
Trinidad y Tobago,2020,24.1,98
Egipto,2020,24.2,96
Nepal,2020,24.4,95
Kirguistán,2020,24.5,94
Uzbekistán,2020,24.5,93
El Salvador,2020,24.8,92
República Dominicana,2020,25.1,90
Ruanda,2020,25.1,91
Botsuana,2020,25.4,89
Tanzania,2020,25.6,88
Líbano,2020,26.0,87
Kenia,2020,26.1,86
Indonesia,2020,26.5,85
Omán,2020,26.5,84
Albania,2020,27.1,83
Azerbaiyán,2020,27.2,82
Jordania,2020,27.8,81
Argentina,2020,28.3,80
Baréin,2020,28.4,79
Kuwait,2020,28.4,78
Kazajistán,2020,28.6,77
Perú,2020,28.8,76
Bosnia y Herzegovina,2020,29.0,74
Marruecos,2020,29.0,75
Panamá,2020,29.0,73
Jamaica,2020,29.1,72
Brunéi,2020,29.8,71
Colombia,2020,30.8,68
Catar,2020,30.8,70
Uruguay,2020,30.8,69
Irán,2020,30.9,67
Arabia Saudita,2020,30.9,66
Túnez,2020,31.2,65
Bielorrusia,2020,31.3,64
Georgia,2020,31.8,63
Brasil,2020,31.9,62
Armenia,2020,32.6,61
Sudáfrica,2020,32.7,60
Moldavia,2020,33.0,59
Mongolia,2020,33.4,58
Macedonia del Norte,2020,33.4,57
Costa Rica,2020,33.5,56
México,2020,33.6,55
Chile,2020,33.9,54
Serbia,2020,34.3,53
Mauricio,2020,34.4,52
Turquía,2020,34.9,51
Filipinas,2020,35.2,50
Montenegro,2020,35.4,49
India,2020,35.6,48
Rusia,2020,35.6,47
Rumania,2020,36.0,46
Ucrania,2020,36.3,45
Tailandia,2020,36.7,44
Grecia,2020,36.8,43
Vietnam,2020,37.1,42
Croacia,2020,37.3,41
Lituania,2020,39.2,40
Eslovaquia,2020,39.7,39
Bulgaria,2020,40.0,37
Polonia,2020,40.0,38
Letonia,2020,41.1,36
Hungría,2020,41.5,35
Emiratos Árabes Unidos,2020,41.8,34
Malasia,2020,42.4,33
Eslovenia,2020,42.9,32
Portugal,2020,43.5,31
España,2020,45.6,30
Chipre,2020,45.7,29
Italia,2020,45.7,28
Malta,2020,46.4,27
Nueva Zelanda,2020,47.0,26
República Checa,2020,48.3,24
Estonia,2020,48.3,25
Australia,2020,48.4,23
Bélgica,2020,49.1,22
Islandia,2020,49.2,21
Noruega,2020,49.3,20
Austria,2020,50.1,19
Luxemburgo,2020,50.8,18
Canadá,2020,52.3,17
Japón,2020,52.7,16
Irlanda,2020,53.0,15
República Popular China,2020,53.3,14
Israel,2020,53.5,13
Francia,2020,53.7,12
Hong Kong,2020,54.2,11
Corea del Sur,2020,56.1,10
Alemania,2020,56.5,9
Singapur,2020,56.6,8
Finlandia,2020,57.0,7
Dinamarca,2020,57.5,6
Países Bajos,2020,58.8,5
Reino Unido,2020,59.8,4
Estados Unidos,2020,60.6,3
Suecia,2020,62.5,2
Suiza,2020,66.1,1
Barbados,2021,0.0,0
Belice,2021,0.0,0
Bután,2021,0.0,0
Burundi,2021,0.0,0
Fiyi,2021,0.0,0
Gabón,2021,0.0,0
Gambia,2021,0.0,0
Guyana,2021,0.0,0
Irak,2021,0.0,0
Lesoto,2021,0.0,0
Mauritania,2021,0.0,0
Nicaragua,2021,0.0,0
Seychelles,2021,0.0,0
Sudán,2021,0.0,0
Suazilandia,2021,0.0,0
Siria,2021,0.0,0
Venezuela,2021,0.0,0
Angola,2021,15.0,132
Yemen,2021,15.4,131
Guinea,2021,16.7,130
Níger,2021,17.8,129
Benín,2021,18.0,128
Birmania,2021,18.4,127
Etiopía,2021,18.6,126
Togo,2021,19.3,125
Mali,2021,19.5,124
Camerún,2021,19.7,123
Mozambique,2021,19.7,122
Zambia,2021,19.8,121
Argelia,2021,19.9,120
Uganda,2021,20.0,119
Nigeria,2021,20.1,118
Bangladés,2021,20.2,116
Laos,2021,20.2,117
Burkina Faso,2021,20.5,115
Costa de Marfil,2021,21.0,114
Zimbabue,2021,21.9,113
Ghana,2021,22.3,112
Madagascar,2021,22.5,110
Nepal,2021,22.5,111
Camboya,2021,22.8,109
Honduras,2021,22.8,108
Botsuana,2021,22.9,106
Malaui,2021,22.9,107
Senegal,2021,23.3,105
Bolivia,2021,23.4,104
Ruanda,2021,23.9,102
Tayikistán,2021,23.9,103
Guatemala,2021,24.1,101
Namibia,2021,24.3,100
Pakistán,2021,24.4,99
Kirguistán,2021,24.5,98
Trinidad y Tobago,2021,24.8,97
El Salvador,2021,25.0,96
República Dominicana,2021,25.1,93
Egipto,2021,25.1,94
Líbano,2021,25.1,92
Sri Lanka,2021,25.1,95
Ecuador,2021,25.4,91
Tanzania,2021,25.6,90
Cabo Verde,2021,25.7,89
Paraguay,2021,26.4,88
Indonesia,2021,27.1,87
Uzbekistán,2021,27.4,86
Kenia,2021,27.5,85
Albania,2021,28.0,84
Panamá,2021,28.0,83
Brunéi,2021,28.2,82
Jordania,2021,28.3,81
Azerbaiyán,2021,28.4,80
Kazajistán,2021,28.6,79
Baréin,2021,28.8,78
Marruecos,2021,29.3,77
Omán,2021,29.4,76
Bosnia y Herzegovina,2021,29.6,75
Jamaica,2021,29.6,74
Argentina,2021,29.8,73
Kuwait,2021,29.9,72
Túnez,2021,30.7,71
Perú,2021,31.2,70
Armenia,2021,31.4,69
Catar,2021,31.5,68
Colombia,2021,31.7,67
Arabia Saudita,2021,31.8,66
Uruguay,2021,32.2,65
Moldavia,2021,32.3,64
Georgia,2021,32.4,63
Bielorrusia,2021,32.6,62
Sudáfrica,2021,32.7,61
Irán,2021,32.9,60
Macedonia del Norte,2021,34.1,59
Brasil,2021,34.2,57
Mongolia,2021,34.2,58
Costa Rica,2021,34.5,56
México,2021,34.5,55
Serbia,2021,35.0,54
Chile,2021,35.1,53
Mauricio,2021,35.2,52
Filipinas,2021,35.3,51
Montenegro,2021,35.4,50
Rumania,2021,35.6,48
Ucrania,2021,35.6,49
Grecia,2021,36.3,47
India,2021,36.4,46
Rusia,2021,36.6,45
Vietnam,2021,37.0,44
Tailandia,2021,37.2,43
Croacia,2021,37.3,42
Turquía,2021,38.3,41
Lituania,2021,39.9,39
Polonia,2021,39.9,40
Letonia,2021,40.0,38
Eslovaquia,2021,40.2,37
Malasia,2021,41.9,36
Bulgaria,2021,42.4,35
Hungría,2021,42.7,34
Emiratos Árabes Unidos,2021,43.0,33
Eslovenia,2021,44.1,32
Portugal,2021,44.2,31
España,2021,45.4,30
Italia,2021,45.7,29
Chipre,2021,46.7,28
Malta,2021,47.1,27
Nueva Zelanda,2021,47.5,26
Australia,2021,48.3,25
República Checa,2021,49.0,24
Luxemburgo,2021,49.0,23
Bélgica,2021,49.2,22
Estonia,2021,49.9,21
Noruega,2021,50.4,20
Irlanda,2021,50.7,19
Austria,2021,50.9,18
Islandia,2021,51.8,17
Canadá,2021,53.1,16
Israel,2021,53.4,15
Hong Kong,2021,53.7,14
Japón,2021,54.5,13
República Popular China,2021,54.8,12
Francia,2021,55.0,11
Dinamarca,2021,57.3,9
Alemania,2021,57.3,10
Singapur,2021,57.8,8
Finlandia,2021,58.4,7
Países Bajos,2021,58.6,6
Corea del Sur,2021,59.3,5
Reino Unido,2021,59.8,4
Estados Unidos,2021,61.3,3
Suecia,2021,63.1,2
Suiza,2021,65.5,1
Barbados,2022,0.0,0
Belice,2022,0.0,0
Bután,2022,0.0,0
Bolivia,2022,0.0,0
Cabo Verde,2022,0.0,0
Fiyi,2022,0.0,0
Gabón,2022,0.0,0
Gambia,2022,0.0,0
Guyana,2022,0.0,0
Líbano,2022,0.0,0
Lesoto,2022,0.0,0
Malaui,2022,0.0,0
Seychelles,2022,0.0,0
Sudán,2022,0.0,0
Suazilandia,2022,0.0,0
Siria,2022,0.0,0
Venezuela,2022,0.0,0
Guinea,2022,11.6,132
Irak,2022,11.9,131
Burundi,2022,12.3,130
Mauritania,2022,12.4,129
Yemen,2022,13.8,128
Angola,2022,13.9,127
Mali,2022,14.2,126
Benín,2022,14.6,124
Níger,2022,14.6,125
Mozambique,2022,15.0,123
Camerún,2022,15.1,121
Togo,2022,15.1,122
Burkina Faso,2022,15.3,120
Uganda,2022,15.7,119
Zambia,2022,15.8,118
Etiopía,2022,16.3,117
Birmania,2022,16.4,116
Argelia,2022,16.7,115
Nigeria,2022,16.9,114
Honduras,2022,17.3,113
Laos,2022,17.4,112
Nepal,2022,17.6,111
Costa de Marfil,2022,17.8,109
Guatemala,2022,17.8,110
Nicaragua,2022,18.1,108
Zimbabue,2022,18.1,107
Madagascar,2022,18.6,106
Ruanda,2022,18.7,105
Tayikistán,2022,18.8,104
Tanzania,2022,19.4,103
Bangladés,2022,19.7,102
Trinidad y Tobago,2022,19.8,101
El Salvador,2022,19.9,100
Senegal,2022,19.9,99
Ecuador,2022,20.3,98
Camboya,2022,20.5,97
Namibia,2022,20.6,96
Ghana,2022,20.8,95
Kirguistán,2022,21.1,94
Azerbaiyán,2022,21.4,93
Brunéi,2022,22.1,92
Paraguay,2022,22.6,91
República Dominicana,2022,22.7,90
Egipto,2022,22.7,89
Kenia,2022,22.8,88
Pakistán,2022,23.0,87
Botsuana,2022,23.9,86
Sri Lanka,2022,24.2,85
Albania,2022,24.4,84
Kazajistán,2022,24.7,83
Uzbekistán,2022,25.3,82
Panamá,2022,25.7,81
Armenia,2022,26.6,80
Omán,2022,26.8,79
Jordania,2022,27.4,78
Bielorrusia,2022,27.5,77
Jamaica,2022,27.7,76
Baréin,2022,27.9,72
Georgia,2022,27.9,74
Indonesia,2022,27.9,75
Túnez,2022,27.9,73
Mongolia,2022,28.0,71
Bosnia y Herzegovina,2022,28.5,70
Argentina,2022,28.6,69
Costa Rica,2022,28.7,68
Marruecos,2022,28.8,67
Macedonia del Norte,2022,28.8,66
Perú,2022,29.1,65
Colombia,2022,29.2,63
Kuwait,2022,29.2,62
Uruguay,2022,29.2,64
Sudáfrica,2022,29.8,61
Montenegro,2022,30.3,60
Filipinas,2022,30.7,59
México,2022,31.0,58
Ucrania,2022,31.0,57
Moldavia,2022,31.1,56
Serbia,2022,32.3,55
Brasil,2022,32.5,54
Irán,2022,32.9,53
Catar,2022,32.9,52
Arabia Saudita,2022,33.4,51
Chile,2022,34.0,50
Rumania,2022,34.1,49
Rusia,2022,34.3,47
Eslovaquia,2022,34.3,46
Vietnam,2022,34.3,48
Mauricio,2022,34.4,45
Grecia,2022,34.5,44
Tailandia,2022,34.9,43
Croacia,2022,35.6,42
Letonia,2022,36.5,41
India,2022,36.6,40
Lituania,2022,37.4,39
Polonia,2022,37.5,38
Turquía,2022,38.1,37
Malasia,2022,38.7,36
Bulgaria,2022,39.5,35
Hungría,2022,39.8,34
Eslovenia,2022,40.6,33
Portugal,2022,42.1,32
Emiratos Árabes Unidos,2022,42.1,31
República Checa,2022,42.8,30
España,2022,44.6,29
Italia,2022,46.1,28
Chipre,2022,46.2,27
Bélgica,2022,46.9,26
Australia,2022,47.1,25
Nueva Zelanda,2022,47.2,24
Irlanda,2022,48.5,23
Noruega,2022,48.8,22
Malta,2022,49.1,21
Islandia,2022,49.5,20
Luxemburgo,2022,49.8,19
Austria,2022,50.2,17
Estonia,2022,50.2,18
Israel,2022,50.2,16
Canadá,2022,50.8,15
Hong Kong,2022,51.8,14
Japón,2022,53.6,13
Francia,2022,55.0,12
República Popular China,2022,55.3,11
Dinamarca,2022,55.9,10
Finlandia,2022,56.9,9
Alemania,2022,57.2,8
Singapur,2022,57.3,7
Corea del Sur,2022,57.8,6
Países Bajos,2022,58.0,5
Reino Unido,2022,59.7,4
Suecia,2022,61.6,3
Estados Unidos,2022,61.8,2
Suiza,2022,64.6,1
