"Serie","cvegeo","Entidad_federativa","Periodo","Sexo|Total_Grupo_de_edad|Total","Sexo|Total_Grupo_de_edad|De_5_a_14_años","Sexo|Total_Grupo_de_edad|De_15_a_17_años","Sexo|Hombres_Grupo_de_edad|Total","Sexo|Hombres_Grupo_de_edad|De_5_a_14_años","Sexo|Hombres_Grupo_de_edad|De_15_a_17_años","Sexo|Mujeres_Grupo_de_edad|Total","Sexo|Mujeres_Grupo_de_edad|De_5_a_14_años","Sexo|Mujeres_Grupo_de_edad|De_15_a_17_años",
"Proporción_de_la_población_de_5_a_17_años_que_realiza_una_ocupación_infantil_no_permitida,_desglosada_por_sexo_y_edad",	00,"Estados_Unidos_Mexicanos","2022","7.5033921460166","4.3207020346023","17.1954011009772","10.5775447374281","5.9425197568871","25.0591660924089","4.3014797255803","2.6096022070178","9.3194861594752",
"Proporción_de_la_población_de_5_a_17_años_que_realiza_una_ocupación_infantil_no_permitida,_desglosada_por_sexo_y_edad",	01,"Aguascalientes","2022","6.6917772939056","3.3604760294403","17.8586440116672","ND","ND","ND","ND","ND","ND",
"Proporción_de_la_población_de_5_a_17_años_que_realiza_una_ocupación_infantil_no_permitida,_desglosada_por_sexo_y_edad",	02,"Baja_California","2022","3.37371840835","1.4389514892703","8.726704039204","ND","ND","ND","ND","ND","ND",
"Proporción_de_la_población_de_5_a_17_años_que_realiza_una_ocupación_infantil_no_permitida,_desglosada_por_sexo_y_edad",	03,"Baja_California_Sur","2022","5.7468811556139","3.8575351797841","12.1101312110131","ND","ND","ND","ND","ND","ND",
"Proporción_de_la_población_de_5_a_17_años_que_realiza_una_ocupación_infantil_no_permitida,_desglosada_por_sexo_y_edad",	04,"Campeche","2022","6.6078262533486","3.5785869903517","16.6646001239926","ND","ND","ND","ND","ND","ND",
"Proporción_de_la_población_de_5_a_17_años_que_realiza_una_ocupación_infantil_no_permitida,_desglosada_por_sexo_y_edad",	05,"Coahuila_de_Zaragoza","2022","3.947325576347","1.7823315618704","11.0200938988879","ND","ND","ND","ND","ND","ND",
"Proporción_de_la_población_de_5_a_17_años_que_realiza_una_ocupación_infantil_no_permitida,_desglosada_por_sexo_y_edad",	06,"Colima","2022","8.7008244506129","5.0148825756986","20.3456170149915","ND","ND","ND","ND","ND","ND",
"Proporción_de_la_población_de_5_a_17_años_que_realiza_una_ocupación_infantil_no_permitida,_desglosada_por_sexo_y_edad",	07,"Chiapas","2022","13.5304232568405","10.2402752257711","25.6343286801994","ND","ND","ND","ND","ND","ND",
"Proporción_de_la_población_de_5_a_17_años_que_realiza_una_ocupación_infantil_no_permitida,_desglosada_por_sexo_y_edad",	08,"Chihuahua","2022","5.1303552554741","2.7520718451665","12.6125540259324","ND","ND","ND","ND","ND","ND",
"Proporción_de_la_población_de_5_a_17_años_que_realiza_una_ocupación_infantil_no_permitida,_desglosada_por_sexo_y_edad",	09,"Ciudad_de_México","2022","2.5035922958814","1.3431005696549","5.7300498659005","ND","ND","ND","ND","ND","ND",
"Proporción_de_la_población_de_5_a_17_años_que_realiza_una_ocupación_infantil_no_permitida,_desglosada_por_sexo_y_edad",	10,"Durango","2022","7.2779412391796","4.449286528971","16.8579365302057","ND","ND","ND","ND","ND","ND",
"Proporción_de_la_población_de_5_a_17_años_que_realiza_una_ocupación_infantil_no_permitida,_desglosada_por_sexo_y_edad",	11,"Guanajuato","2022","9.0132247253303","4.6115653055159","22.7975541306987","ND","ND","ND","ND","ND","ND",
"Proporción_de_la_población_de_5_a_17_años_que_realiza_una_ocupación_infantil_no_permitida,_desglosada_por_sexo_y_edad",	12,"Guerrero","2022","15.191038378699","10.260096175839","31.8008199553601","ND","ND","ND","ND","ND","ND",
"Proporción_de_la_población_de_5_a_17_años_que_realiza_una_ocupación_infantil_no_permitida,_desglosada_por_sexo_y_edad",	13,"Hidalgo","2022","8.4211474118846","5.2097508329032","17.1479425125521","ND","ND","ND","ND","ND","ND",
"Proporción_de_la_población_de_5_a_17_años_que_realiza_una_ocupación_infantil_no_permitida,_desglosada_por_sexo_y_edad",	14,"Jalisco","2022","8.6370420561029","4.2745789733768","22.3523061291142","ND","ND","ND","ND","ND","ND",
"Proporción_de_la_población_de_5_a_17_años_que_realiza_una_ocupación_infantil_no_permitida,_desglosada_por_sexo_y_edad",	15,"México","2022","5.1418345263859","2.7175393256387","11.8132646008045","ND","ND","ND","ND","ND","ND",
"Proporción_de_la_población_de_5_a_17_años_que_realiza_una_ocupación_infantil_no_permitida,_desglosada_por_sexo_y_edad",	16,"Michoacán_de_Ocampo","2022","9.1863155644952","4.7509468335011","24.4932184716274","ND","ND","ND","ND","ND","ND",
"Proporción_de_la_población_de_5_a_17_años_que_realiza_una_ocupación_infantil_no_permitida,_desglosada_por_sexo_y_edad",	17,"Morelos","2022","5.9367830079228","2.9765026252109","14.7220685711071","ND","ND","ND","ND","ND","ND",
"Proporción_de_la_población_de_5_a_17_años_que_realiza_una_ocupación_infantil_no_permitida,_desglosada_por_sexo_y_edad",	18,"Nayarit","2022","12.5760088446656","8.168416710754","27.381848850869","ND","ND","ND","ND","ND","ND",
"Proporción_de_la_población_de_5_a_17_años_que_realiza_una_ocupación_infantil_no_permitida,_desglosada_por_sexo_y_edad",	19,"Nuevo_León","2022","4.231388978408","2.2583545436382","10.5136325604874","ND","ND","ND","ND","ND","ND",
"Proporción_de_la_población_de_5_a_17_años_que_realiza_una_ocupación_infantil_no_permitida,_desglosada_por_sexo_y_edad",	20,"Oaxaca","2022","11.8424888014642","7.8246162564123","27.6984944338188","ND","ND","ND","ND","ND","ND",
"Proporción_de_la_población_de_5_a_17_años_que_realiza_una_ocupación_infantil_no_permitida,_desglosada_por_sexo_y_edad",	21,"Puebla","2022","10.4443719773526","6.4956932785698","21.3401109712226","ND","ND","ND","ND","ND","ND",
"Proporción_de_la_población_de_5_a_17_años_que_realiza_una_ocupación_infantil_no_permitida,_desglosada_por_sexo_y_edad",	22,"Querétaro","2022","4.0560782171604","1.2589668906888","12.0052355638103","ND","ND","ND","ND","ND","ND",
"Proporción_de_la_población_de_5_a_17_años_que_realiza_una_ocupación_infantil_no_permitida,_desglosada_por_sexo_y_edad",	23,"Quintana_Roo","2022","4.3139170569013","1.9657792105323","11.2547477843673","ND","ND","ND","ND","ND","ND",
"Proporción_de_la_población_de_5_a_17_años_que_realiza_una_ocupación_infantil_no_permitida,_desglosada_por_sexo_y_edad",	24,"San_Luis_Potosí","2022","7.5836199504498","4.0487201143994","18.5800132672572","ND","ND","ND","ND","ND","ND",
"Proporción_de_la_población_de_5_a_17_años_que_realiza_una_ocupación_infantil_no_permitida,_desglosada_por_sexo_y_edad",	25,"Sinaloa","2022","5.4452111271572","2.1596743158196","14.4973753204887","ND","ND","ND","ND","ND","ND",
"Proporción_de_la_población_de_5_a_17_años_que_realiza_una_ocupación_infantil_no_permitida,_desglosada_por_sexo_y_edad",	26,"Sonora","2022","5.549116285215","2.0226085548912","14.7742387309377","ND","ND","ND","ND","ND","ND",
"Proporción_de_la_población_de_5_a_17_años_que_realiza_una_ocupación_infantil_no_permitida,_desglosada_por_sexo_y_edad",	27,"Tabasco","2022","6.6627558158229","4.5737842338967","13.6239358036766","ND","ND","ND","ND","ND","ND",
"Proporción_de_la_población_de_5_a_17_años_que_realiza_una_ocupación_infantil_no_permitida,_desglosada_por_sexo_y_edad",	28,"Tamaulipas","2022","4.5632599392049","1.7199487203582","12.8647435771816","ND","ND","ND","ND","ND","ND",
"Proporción_de_la_población_de_5_a_17_años_que_realiza_una_ocupación_infantil_no_permitida,_desglosada_por_sexo_y_edad",	29,"Tlaxcala","2022","6.2370353673655","3.7350149801116","14.8914785537718","ND","ND","ND","ND","ND","ND",
"Proporción_de_la_población_de_5_a_17_años_que_realiza_una_ocupación_infantil_no_permitida,_desglosada_por_sexo_y_edad",	30,"Veracruz_de_Ignacio_de_la_Llave","2022","8.7208107904171","4.3817467590808","20.7197118166377","ND","ND","ND","ND","ND","ND",
"Proporción_de_la_población_de_5_a_17_años_que_realiza_una_ocupación_infantil_no_permitida,_desglosada_por_sexo_y_edad",	31,"Yucatán","2022","9.3329036689662","5.0345702036685","21.9388350647835","ND","ND","ND","ND","ND","ND",
"Proporción_de_la_población_de_5_a_17_años_que_realiza_una_ocupación_infantil_no_permitida,_desglosada_por_sexo_y_edad",	32,"Zacatecas","2022","9.3353129225686","6.0914231003118","20.3646881564332","ND","ND","ND","ND","ND","ND",
"Proporción_de_la_población_de_5_a_17_años_que_realiza_una_ocupación_infantil_no_permitida,_desglosada_por_sexo_y_edad",	00,"Estados_Unidos_Mexicanos","2019","7.074244902102","4.0920661596558","16.5983582755144","9.798339949457","5.4992111382574","23.4288194691525","4.1965908088925","2.6109037082844","9.2999936435774",
"Proporción_de_la_población_de_5_a_17_años_que_realiza_una_ocupación_infantil_no_permitida,_desglosada_por_sexo_y_edad",	01,"Aguascalientes","2019","8.4107937919473","4.0841331427405","20.4481410780838","ND","ND","ND","ND","ND","ND",
"Proporción_de_la_población_de_5_a_17_años_que_realiza_una_ocupación_infantil_no_permitida,_desglosada_por_sexo_y_edad",	02,"Baja_California","2019","3.4009711420789","1.4375264334481","9.9260092162197","ND","ND","ND","ND","ND","ND",
"Proporción_de_la_población_de_5_a_17_años_que_realiza_una_ocupación_infantil_no_permitida,_desglosada_por_sexo_y_edad",	03,"Baja_California_Sur","2019","3.1299905845389","1.5153308867053","9.2383867034908","ND","ND","ND","ND","ND","ND",
"Proporción_de_la_población_de_5_a_17_años_que_realiza_una_ocupación_infantil_no_permitida,_desglosada_por_sexo_y_edad",	04,"Campeche","2019","7.0791782343143","5.3893082890597","12.6323204630264","ND","ND","ND","ND","ND","ND",
"Proporción_de_la_población_de_5_a_17_años_que_realiza_una_ocupación_infantil_no_permitida,_desglosada_por_sexo_y_edad",	05,"Coahuila_de_Zaragoza","2019","3.9475003495175","1.7519772773627","10.4567112534504","ND","ND","ND","ND","ND","ND",
"Proporción_de_la_población_de_5_a_17_años_que_realiza_una_ocupación_infantil_no_permitida,_desglosada_por_sexo_y_edad",	06,"Colima","2019","8.6173510068764","5.352502205374","18.6435300434422","ND","ND","ND","ND","ND","ND",
"Proporción_de_la_población_de_5_a_17_años_que_realiza_una_ocupación_infantil_no_permitida,_desglosada_por_sexo_y_edad",	07,"Chiapas","2019","11.9157024870721","8.0762947404154","26.1489624101783","ND","ND","ND","ND","ND","ND",
"Proporción_de_la_población_de_5_a_17_años_que_realiza_una_ocupación_infantil_no_permitida,_desglosada_por_sexo_y_edad",	08,"Chihuahua","2019","5.137681606725","2.9299025464427","12.3867258296356","ND","ND","ND","ND","ND","ND",
"Proporción_de_la_población_de_5_a_17_años_que_realiza_una_ocupación_infantil_no_permitida,_desglosada_por_sexo_y_edad",	09,"Ciudad_de_México","2019","3.1363974767985","1.5055704470446","7.75960029581","ND","ND","ND","ND","ND","ND",
"Proporción_de_la_población_de_5_a_17_años_que_realiza_una_ocupación_infantil_no_permitida,_desglosada_por_sexo_y_edad",	10,"Durango","2019","7.9059695007331","3.6196429105482","22.8351788002208","ND","ND","ND","ND","ND","ND",
"Proporción_de_la_población_de_5_a_17_años_que_realiza_una_ocupación_infantil_no_permitida,_desglosada_por_sexo_y_edad",	11,"Guanajuato","2019","7.8672019150254","3.8033058574359","22.1959422674426","ND","ND","ND","ND","ND","ND",
"Proporción_de_la_población_de_5_a_17_años_que_realiza_una_ocupación_infantil_no_permitida,_desglosada_por_sexo_y_edad",	12,"Guerrero","2019","6.593484075956","3.5540197697864","16.3073324519475","ND","ND","ND","ND","ND","ND",
"Proporción_de_la_población_de_5_a_17_años_que_realiza_una_ocupación_infantil_no_permitida,_desglosada_por_sexo_y_edad",	13,"Hidalgo","2019","5.0833194307674","2.6349760222712","13.481764428863","ND","ND","ND","ND","ND","ND",
"Proporción_de_la_población_de_5_a_17_años_que_realiza_una_ocupación_infantil_no_permitida,_desglosada_por_sexo_y_edad",	14,"Jalisco","2019","6.4603233297665","3.8277078106889","15.5753444327355","ND","ND","ND","ND","ND","ND",
"Proporción_de_la_población_de_5_a_17_años_que_realiza_una_ocupación_infantil_no_permitida,_desglosada_por_sexo_y_edad",	15,"México","2019","4.8310087224969","3.2503711750492","9.4368777033289","ND","ND","ND","ND","ND","ND",
"Proporción_de_la_población_de_5_a_17_años_que_realiza_una_ocupación_infantil_no_permitida,_desglosada_por_sexo_y_edad",	16,"Michoacán_de_Ocampo","2019","11.5321098002188","6.3290663843681","29.3077040280351","ND","ND","ND","ND","ND","ND",
"Proporción_de_la_población_de_5_a_17_años_que_realiza_una_ocupación_infantil_no_permitida,_desglosada_por_sexo_y_edad",	17,"Morelos","2019","6.5295743873903","3.781983821566","15.197312350108","ND","ND","ND","ND","ND","ND",
"Proporción_de_la_población_de_5_a_17_años_que_realiza_una_ocupación_infantil_no_permitida,_desglosada_por_sexo_y_edad",	18,"Nayarit","2019","9.6530291445017","5.1950380485771","26.1271533791488","ND","ND","ND","ND","ND","ND",
"Proporción_de_la_población_de_5_a_17_años_que_realiza_una_ocupación_infantil_no_permitida,_desglosada_por_sexo_y_edad",	19,"Nuevo_León","2019","3.4706149433561","1.2383916301807","9.9377452337881","ND","ND","ND","ND","ND","ND",
"Proporción_de_la_población_de_5_a_17_años_que_realiza_una_ocupación_infantil_no_permitida,_desglosada_por_sexo_y_edad",	20,"Oaxaca","2019","14.8647876825378","10.3501248238871","31.1826323900565","ND","ND","ND","ND","ND","ND",
"Proporción_de_la_población_de_5_a_17_años_que_realiza_una_ocupación_infantil_no_permitida,_desglosada_por_sexo_y_edad",	21,"Puebla","2019","12.5588158421261","8.0377573161774","27.4630775232681","ND","ND","ND","ND","ND","ND",
"Proporción_de_la_población_de_5_a_17_años_que_realiza_una_ocupación_infantil_no_permitida,_desglosada_por_sexo_y_edad",	22,"Querétaro","2019","5.1855492253024","3.308395544306","11.0482909297109","ND","ND","ND","ND","ND","ND",
"Proporción_de_la_población_de_5_a_17_años_que_realiza_una_ocupación_infantil_no_permitida,_desglosada_por_sexo_y_edad",	23,"Quintana_Roo","2019","6.4161479844105","3.5539280257126","15.8913756827176","ND","ND","ND","ND","ND","ND",
"Proporción_de_la_población_de_5_a_17_años_que_realiza_una_ocupación_infantil_no_permitida,_desglosada_por_sexo_y_edad",	24,"San_Luis_Potosí","2019","9.2117089943898","4.894282221376","22.3386752787764","ND","ND","ND","ND","ND","ND",
"Proporción_de_la_población_de_5_a_17_años_que_realiza_una_ocupación_infantil_no_permitida,_desglosada_por_sexo_y_edad",	25,"Sinaloa","2019","5.4634072618733","2.7027579204148","13.3097577404594","ND","ND","ND","ND","ND","ND",
"Proporción_de_la_población_de_5_a_17_años_que_realiza_una_ocupación_infantil_no_permitida,_desglosada_por_sexo_y_edad",	26,"Sonora","2019","4.672965923166","2.4471716063775","11.4678416568296","ND","ND","ND","ND","ND","ND",
"Proporción_de_la_población_de_5_a_17_años_que_realiza_una_ocupación_infantil_no_permitida,_desglosada_por_sexo_y_edad",	27,"Tabasco","2019","7.0322576355924","4.1998540832934","16.5149084392028","ND","ND","ND","ND","ND","ND",
"Proporción_de_la_población_de_5_a_17_años_que_realiza_una_ocupación_infantil_no_permitida,_desglosada_por_sexo_y_edad",	28,"Tamaulipas","2019","4.3781870186503","1.6907292195341","12.8834295924893","ND","ND","ND","ND","ND","ND",
"Proporción_de_la_población_de_5_a_17_años_que_realiza_una_ocupación_infantil_no_permitida,_desglosada_por_sexo_y_edad",	29,"Tlaxcala","2019","9.2230688500972","5.4362054362054","21.6308807712226","ND","ND","ND","ND","ND","ND",
"Proporción_de_la_población_de_5_a_17_años_que_realiza_una_ocupación_infantil_no_permitida,_desglosada_por_sexo_y_edad",	30,"Veracruz_de_Ignacio_de_la_Llave","2019","8.0950348320605","4.0841563205937","20.0787323649399","ND","ND","ND","ND","ND","ND",
"Proporción_de_la_población_de_5_a_17_años_que_realiza_una_ocupación_infantil_no_permitida,_desglosada_por_sexo_y_edad",	31,"Yucatán","2019","6.898060627747","3.4810306742878","17.5580992638244","ND","ND","ND","ND","ND","ND",
"Proporción_de_la_población_de_5_a_17_años_que_realiza_una_ocupación_infantil_no_permitida,_desglosada_por_sexo_y_edad",	32,"Zacatecas","2019","7.8906106224005","3.8841392431999","22.4428556814694","ND","ND","ND","ND","ND","ND",
"Proporción_de_la_población_de_5_a_17_años_que_realiza_una_ocupación_infantil_no_permitida,_desglosada_por_sexo_y_edad",	00,"Estados_Unidos_Mexicanos","2017","7.0521897681494","3.5814978914053","18.2255698298904","10.1445040960254","4.8657801364665","27.2466234301389","3.8495263846063","2.2473194183856","8.9739624290083",
"Proporción_de_la_población_de_5_a_17_años_que_realiza_una_ocupación_infantil_no_permitida,_desglosada_por_sexo_y_edad",	01,"Aguascalientes","2017","4.7406938950492","1.5749510124102","13.9795322682488","ND","ND","ND","ND","ND","ND",
"Proporción_de_la_población_de_5_a_17_años_que_realiza_una_ocupación_infantil_no_permitida,_desglosada_por_sexo_y_edad",	02,"Baja_California","2017","3.9897049089775","1.63737185973","11.3940363507088","ND","ND","ND","ND","ND","ND",
"Proporción_de_la_población_de_5_a_17_años_que_realiza_una_ocupación_infantil_no_permitida,_desglosada_por_sexo_y_edad",	03,"Baja_California_Sur","2017","5.9303163966409","2.5526560845056","15.8404071161908","ND","ND","ND","ND","ND","ND",
"Proporción_de_la_población_de_5_a_17_años_que_realiza_una_ocupación_infantil_no_permitida,_desglosada_por_sexo_y_edad",	04,"Campeche","2017","9.9557393148787","6.1535826501925","21.9481753320542","ND","ND","ND","ND","ND","ND",
"Proporción_de_la_población_de_5_a_17_años_que_realiza_una_ocupación_infantil_no_permitida,_desglosada_por_sexo_y_edad",	05,"Coahuila_de_Zaragoza","2017","4.2809018447821","1.9188790852437","11.7872788205287","ND","ND","ND","ND","ND","ND",
"Proporción_de_la_población_de_5_a_17_años_que_realiza_una_ocupación_infantil_no_permitida,_desglosada_por_sexo_y_edad",	06,"Colima","2017","10.7346265662456","6.1209205210839","24.5104018431931","ND","ND","ND","ND","ND","ND",
"Proporción_de_la_población_de_5_a_17_años_que_realiza_una_ocupación_infantil_no_permitida,_desglosada_por_sexo_y_edad",	07,"Chiapas","2017","6.605086008102","2.6353516472512","20.7498193689957","ND","ND","ND","ND","ND","ND",
"Proporción_de_la_población_de_5_a_17_años_que_realiza_una_ocupación_infantil_no_permitida,_desglosada_por_sexo_y_edad",	08,"Chihuahua","2017","4.5266745910406","1.7267100807787","14.2721036585366","ND","ND","ND","ND","ND","ND",
"Proporción_de_la_población_de_5_a_17_años_que_realiza_una_ocupación_infantil_no_permitida,_desglosada_por_sexo_y_edad",	09,"Ciudad_de_México","2017","3.4283735572409","2.4823949213513","6.1411376550376","ND","ND","ND","ND","ND","ND",
"Proporción_de_la_población_de_5_a_17_años_que_realiza_una_ocupación_infantil_no_permitida,_desglosada_por_sexo_y_edad",	10,"Durango","2017","8.5341463849197","5.3796241242923","19.4227699507243","ND","ND","ND","ND","ND","ND",
"Proporción_de_la_población_de_5_a_17_años_que_realiza_una_ocupación_infantil_no_permitida,_desglosada_por_sexo_y_edad",	11,"Guanajuato","2017","10.8195181982279","5.5467021586031","28.7838247703474","ND","ND","ND","ND","ND","ND",
"Proporción_de_la_población_de_5_a_17_años_que_realiza_una_ocupación_infantil_no_permitida,_desglosada_por_sexo_y_edad",	12,"Guerrero","2017","11.9400618656055","7.2606165676105","25.9459258155817","ND","ND","ND","ND","ND","ND",
"Proporción_de_la_población_de_5_a_17_años_que_realiza_una_ocupación_infantil_no_permitida,_desglosada_por_sexo_y_edad",	13,"Hidalgo","2017","7.0843807745297","3.5291046724093","19.3620238441407","ND","ND","ND","ND","ND","ND",
"Proporción_de_la_población_de_5_a_17_años_que_realiza_una_ocupación_infantil_no_permitida,_desglosada_por_sexo_y_edad",	14,"Jalisco","2017","6.5641347250335","3.0272326617891","18.4589690999426","ND","ND","ND","ND","ND","ND",
"Proporción_de_la_población_de_5_a_17_años_que_realiza_una_ocupación_infantil_no_permitida,_desglosada_por_sexo_y_edad",	15,"México","2017","5.6824278125493","2.942073200977","14.2374302137359","ND","ND","ND","ND","ND","ND",
"Proporción_de_la_población_de_5_a_17_años_que_realiza_una_ocupación_infantil_no_permitida,_desglosada_por_sexo_y_edad",	16,"Michoacán_de_Ocampo","2017","10.3250670387884","5.0334011394563","29.2498458532523","ND","ND","ND","ND","ND","ND",
"Proporción_de_la_población_de_5_a_17_años_que_realiza_una_ocupación_infantil_no_permitida,_desglosada_por_sexo_y_edad",	17,"Morelos","2017","5.7039803517807","2.488517332356","15.7715461889453","ND","ND","ND","ND","ND","ND",
"Proporción_de_la_población_de_5_a_17_años_que_realiza_una_ocupación_infantil_no_permitida,_desglosada_por_sexo_y_edad",	18,"Nayarit","2017","12.1749010337026","7.6530959304797","27.3267326732673","ND","ND","ND","ND","ND","ND",
"Proporción_de_la_población_de_5_a_17_años_que_realiza_una_ocupación_infantil_no_permitida,_desglosada_por_sexo_y_edad",	19,"Nuevo_León","2017","4.1888832942928","1.7822529402184","11.9573789064091","ND","ND","ND","ND","ND","ND",
"Proporción_de_la_población_de_5_a_17_años_que_realiza_una_ocupación_infantil_no_permitida,_desglosada_por_sexo_y_edad",	20,"Oaxaca","2017","10.3430578194277","5.701597019232","24.8493403124939","ND","ND","ND","ND","ND","ND",
"Proporción_de_la_población_de_5_a_17_años_que_realiza_una_ocupación_infantil_no_permitida,_desglosada_por_sexo_y_edad",	21,"Puebla","2017","11.8871487960055","6.8159707501881","28.1733924809742","ND","ND","ND","ND","ND","ND",
"Proporción_de_la_población_de_5_a_17_años_que_realiza_una_ocupación_infantil_no_permitida,_desglosada_por_sexo_y_edad",	22,"Querétaro","2017","3.8824192258776","1.3571947624218","11.4454291932507","ND","ND","ND","ND","ND","ND",
"Proporción_de_la_población_de_5_a_17_años_que_realiza_una_ocupación_infantil_no_permitida,_desglosada_por_sexo_y_edad",	23,"Quintana_Roo","2017","4.9984721811743","3.0515333995934","11.5578219381949","ND","ND","ND","ND","ND","ND",
"Proporción_de_la_población_de_5_a_17_años_que_realiza_una_ocupación_infantil_no_permitida,_desglosada_por_sexo_y_edad",	24,"San_Luis_Potosí","2017","7.8621666986102","3.4865424112418","21.399996433433","ND","ND","ND","ND","ND","ND",
"Proporción_de_la_población_de_5_a_17_años_que_realiza_una_ocupación_infantil_no_permitida,_desglosada_por_sexo_y_edad",	25,"Sinaloa","2017","6.6641797953505","3.5086651280298","16.6764192908801","ND","ND","ND","ND","ND","ND",
"Proporción_de_la_población_de_5_a_17_años_que_realiza_una_ocupación_infantil_no_permitida,_desglosada_por_sexo_y_edad",	26,"Sonora","2017","6.6371307401956","3.0360935011399","17.2503652910248","ND","ND","ND","ND","ND","ND",
"Proporción_de_la_población_de_5_a_17_años_que_realiza_una_ocupación_infantil_no_permitida,_desglosada_por_sexo_y_edad",	27,"Tabasco","2017","5.3456650720261","2.9768864302667","13.0889903023388","ND","ND","ND","ND","ND","ND",
"Proporción_de_la_población_de_5_a_17_años_que_realiza_una_ocupación_infantil_no_permitida,_desglosada_por_sexo_y_edad",	28,"Tamaulipas","2017","6.5441849197632","2.242736609497","19.4000656691214","ND","ND","ND","ND","ND","ND",
"Proporción_de_la_población_de_5_a_17_años_que_realiza_una_ocupación_infantil_no_permitida,_desglosada_por_sexo_y_edad",	29,"Tlaxcala","2017","6.8677997654824","2.6486158948846","20.0902003897856","ND","ND","ND","ND","ND","ND",
"Proporción_de_la_población_de_5_a_17_años_que_realiza_una_ocupación_infantil_no_permitida,_desglosada_por_sexo_y_edad",	30,"Veracruz_de_Ignacio_de_la_Llave","2017","5.8408980204041","2.9782147297337","15.618365119353","ND","ND","ND","ND","ND","ND",
"Proporción_de_la_población_de_5_a_17_años_que_realiza_una_ocupación_infantil_no_permitida,_desglosada_por_sexo_y_edad",	31,"Yucatán","2017","7.2541113949504","3.1065722375025","20.5093325986638","ND","ND","ND","ND","ND","ND",
"Proporción_de_la_población_de_5_a_17_años_que_realiza_una_ocupación_infantil_no_permitida,_desglosada_por_sexo_y_edad",	32,"Zacatecas","2017","11.9412278351641","6.4088867818537","29.8466679978561","ND","ND","ND","ND","ND","ND",
"Proporción_de_la_población_de_5_a_17_años_que_realiza_una_ocupación_infantil_no_permitida,_desglosada_por_sexo_y_edad",	00,"Estados_Unidos_Mexicanos","2015","7.5399331389413","3.9483724532784","19.1563201343152","10.7412763910284","5.2325382888834","28.4768488179544","4.2213853991962","2.6201330467692","9.4251850700906",
"Proporción_de_la_población_de_5_a_17_años_que_realiza_una_ocupación_infantil_no_permitida,_desglosada_por_sexo_y_edad",	01,"Aguascalientes","2015","4.9574294011346","2.2359390512367","13.7537415656233","ND","ND","ND","ND","ND","ND",
"Proporción_de_la_población_de_5_a_17_años_que_realiza_una_ocupación_infantil_no_permitida,_desglosada_por_sexo_y_edad",	02,"Baja_California","2015","3.6510783434528","1.9538744600813","8.6645869462018","ND","ND","ND","ND","ND","ND",
"Proporción_de_la_población_de_5_a_17_años_que_realiza_una_ocupación_infantil_no_permitida,_desglosada_por_sexo_y_edad",	03,"Baja_California_Sur","2015","6.7797545166184","3.6820142867247","17.7610630562868","ND","ND","ND","ND","ND","ND",
"Proporción_de_la_población_de_5_a_17_años_que_realiza_una_ocupación_infantil_no_permitida,_desglosada_por_sexo_y_edad",	04,"Campeche","2015","9.0721351330589","5.3333333333333","22.0841009859697","ND","ND","ND","ND","ND","ND",
"Proporción_de_la_población_de_5_a_17_años_que_realiza_una_ocupación_infantil_no_permitida,_desglosada_por_sexo_y_edad",	05,"Coahuila_de_Zaragoza","2015","5.2618905447708","2.378045883329","14.4777644757205","ND","ND","ND","ND","ND","ND",
"Proporción_de_la_población_de_5_a_17_años_que_realiza_una_ocupación_infantil_no_permitida,_desglosada_por_sexo_y_edad",	06,"Colima","2015","11.6809630426565","7.3792954797389","24.9696796746807","ND","ND","ND","ND","ND","ND",
"Proporción_de_la_población_de_5_a_17_años_que_realiza_una_ocupación_infantil_no_permitida,_desglosada_por_sexo_y_edad",	07,"Chiapas","2015","10.0223826219363","4.5242106952301","29.7357877671864","ND","ND","ND","ND","ND","ND",
"Proporción_de_la_población_de_5_a_17_años_que_realiza_una_ocupación_infantil_no_permitida,_desglosada_por_sexo_y_edad",	08,"Chihuahua","2015","4.5767031254515","2.2785703131971","12.1709844320868","ND","ND","ND","ND","ND","ND",
"Proporción_de_la_población_de_5_a_17_años_que_realiza_una_ocupación_infantil_no_permitida,_desglosada_por_sexo_y_edad",	09,"Ciudad_de_México","2015","3.5673225679874","1.1222831440016","11.3628036972292","ND","ND","ND","ND","ND","ND",
"Proporción_de_la_población_de_5_a_17_años_que_realiza_una_ocupación_infantil_no_permitida,_desglosada_por_sexo_y_edad",	10,"Durango","2015","10.4567919460425","5.7876838682184","26.1238003838772","ND","ND","ND","ND","ND","ND",
"Proporción_de_la_población_de_5_a_17_años_que_realiza_una_ocupación_infantil_no_permitida,_desglosada_por_sexo_y_edad",	11,"Guanajuato","2015","9.1900763405238","5.0082010006718","23.0410110459216","ND","ND","ND","ND","ND","ND",
"Proporción_de_la_población_de_5_a_17_años_que_realiza_una_ocupación_infantil_no_permitida,_desglosada_por_sexo_y_edad",	12,"Guerrero","2015","11.151108719842","5.5156030025279","29.7921290763189","ND","ND","ND","ND","ND","ND",
"Proporción_de_la_población_de_5_a_17_años_que_realiza_una_ocupación_infantil_no_permitida,_desglosada_por_sexo_y_edad",	13,"Hidalgo","2015","9.051788299931","4.825670318694","24.0671825709779","ND","ND","ND","ND","ND","ND",
"Proporción_de_la_población_de_5_a_17_años_que_realiza_una_ocupación_infantil_no_permitida,_desglosada_por_sexo_y_edad",	14,"Jalisco","2015","10.0645048017204","5.5530165636479","24.5560544868388","ND","ND","ND","ND","ND","ND",
"Proporción_de_la_población_de_5_a_17_años_que_realiza_una_ocupación_infantil_no_permitida,_desglosada_por_sexo_y_edad",	15,"México","2015","6.0299107746302","3.3206673283236","14.8362345572173","ND","ND","ND","ND","ND","ND",
"Proporción_de_la_población_de_5_a_17_años_que_realiza_una_ocupación_infantil_no_permitida,_desglosada_por_sexo_y_edad",	16,"Michoacán_de_Ocampo","2015","10.1242409970977","4.5913921978786","28.2192876535329","ND","ND","ND","ND","ND","ND",
"Proporción_de_la_población_de_5_a_17_años_que_realiza_una_ocupación_infantil_no_permitida,_desglosada_por_sexo_y_edad",	17,"Morelos","2015","4.5465645753507","1.9256755779197","12.279518483736","ND","ND","ND","ND","ND","ND",
"Proporción_de_la_población_de_5_a_17_años_que_realiza_una_ocupación_infantil_no_permitida,_desglosada_por_sexo_y_edad",	18,"Nayarit","2015","13.0064232589588","8.7589703074594","27.2449054660487","ND","ND","ND","ND","ND","ND",
"Proporción_de_la_población_de_5_a_17_años_que_realiza_una_ocupación_infantil_no_permitida,_desglosada_por_sexo_y_edad",	19,"Nuevo_León","2015","5.3465863962931","2.4520358391875","14.6244342578624","ND","ND","ND","ND","ND","ND",
"Proporción_de_la_población_de_5_a_17_años_que_realiza_una_ocupación_infantil_no_permitida,_desglosada_por_sexo_y_edad",	20,"Oaxaca","2015","9.6402175989703","5.5203221078874","23.5266456302573","ND","ND","ND","ND","ND","ND",
"Proporción_de_la_población_de_5_a_17_años_que_realiza_una_ocupación_infantil_no_permitida,_desglosada_por_sexo_y_edad",	21,"Puebla","2015","12.2668045986035","7.6482162282876","26.00707158406","ND","ND","ND","ND","ND","ND",
"Proporción_de_la_población_de_5_a_17_años_que_realiza_una_ocupación_infantil_no_permitida,_desglosada_por_sexo_y_edad",	22,"Querétaro","2015","4.3132794377245","1.7348203221809","12.7034503091317","ND","ND","ND","ND","ND","ND",
"Proporción_de_la_población_de_5_a_17_años_que_realiza_una_ocupación_infantil_no_permitida,_desglosada_por_sexo_y_edad",	23,"Quintana_Roo","2015","5.2795672720337","2.1988802220414","15.8885985356781","ND","ND","ND","ND","ND","ND",
"Proporción_de_la_población_de_5_a_17_años_que_realiza_una_ocupación_infantil_no_permitida,_desglosada_por_sexo_y_edad",	24,"San_Luis_Potosí","2015","9.3560766616859","5.2989017310414","21.8057031372481","ND","ND","ND","ND","ND","ND",
"Proporción_de_la_población_de_5_a_17_años_que_realiza_una_ocupación_infantil_no_permitida,_desglosada_por_sexo_y_edad",	25,"Sinaloa","2015","7.5341247579022","4.97362263309","15.6192139737991","ND","ND","ND","ND","ND","ND",
"Proporción_de_la_población_de_5_a_17_años_que_realiza_una_ocupación_infantil_no_permitida,_desglosada_por_sexo_y_edad",	26,"Sonora","2015","6.8548880856649","3.1280075122054","17.4327754093194","ND","ND","ND","ND","ND","ND",
"Proporción_de_la_población_de_5_a_17_años_que_realiza_una_ocupación_infantil_no_permitida,_desglosada_por_sexo_y_edad",	27,"Tabasco","2015","7.8569745171131","4.821454511275","18.4292367900243","ND","ND","ND","ND","ND","ND",
"Proporción_de_la_población_de_5_a_17_años_que_realiza_una_ocupación_infantil_no_permitida,_desglosada_por_sexo_y_edad",	28,"Tamaulipas","2015","4.0196341791008","1.8377682877499","11.7134946785553","ND","ND","ND","ND","ND","ND",
"Proporción_de_la_población_de_5_a_17_años_que_realiza_una_ocupación_infantil_no_permitida,_desglosada_por_sexo_y_edad",	29,"Tlaxcala","2015","7.8735989943734","4.2042450101525","20.4826831741288","ND","ND","ND","ND","ND","ND",
"Proporción_de_la_población_de_5_a_17_años_que_realiza_una_ocupación_infantil_no_permitida,_desglosada_por_sexo_y_edad",	30,"Veracruz_de_Ignacio_de_la_Llave","2015","5.1948978087962","1.9301688809966","15.0949063078453","ND","ND","ND","ND","ND","ND",
"Proporción_de_la_población_de_5_a_17_años_que_realiza_una_ocupación_infantil_no_permitida,_desglosada_por_sexo_y_edad",	31,"Yucatán","2015","8.0133789291995","3.9891130288994","20.3485307682172","ND","ND","ND","ND","ND","ND",
"Proporción_de_la_población_de_5_a_17_años_que_realiza_una_ocupación_infantil_no_permitida,_desglosada_por_sexo_y_edad",	32,"Zacatecas","2015","11.1707791192904","7.1184366563218","25.0724919934216","ND","ND","ND","ND","ND","ND",
"Proporción_de_la_población_de_5_a_17_años_que_realiza_una_ocupación_infantil_no_permitida,_desglosada_por_sexo_y_edad",	00,"Estados_Unidos_Mexicanos","2013","7.7815071570223","4.5976038144193","18.6634074193203","10.7983771239056","6.0176643809142","27.1387851246413","4.6490314312313","3.12308709759","9.86406615576",
"Proporción_de_la_población_de_5_a_17_años_que_realiza_una_ocupación_infantil_no_permitida,_desglosada_por_sexo_y_edad",	01,"Aguascalientes","2013","5.8872690129074","2.8660127247188","15.5230398554362","ND","ND","ND","ND","ND","ND",
"Proporción_de_la_población_de_5_a_17_años_que_realiza_una_ocupación_infantil_no_permitida,_desglosada_por_sexo_y_edad",	02,"Baja_California","2013","3.8014193097851","2.2751599758269","8.6162366144723","ND","ND","ND","ND","ND","ND",
"Proporción_de_la_población_de_5_a_17_años_que_realiza_una_ocupación_infantil_no_permitida,_desglosada_por_sexo_y_edad",	03,"Baja_California_Sur","2013","5.3060227469064","2.540244587259","14.2539930862204","ND","ND","ND","ND","ND","ND",
"Proporción_de_la_población_de_5_a_17_años_que_realiza_una_ocupación_infantil_no_permitida,_desglosada_por_sexo_y_edad",	04,"Campeche","2013","10.5403522371256","6.9111543999322","22.2045070093912","ND","ND","ND","ND","ND","ND",
"Proporción_de_la_población_de_5_a_17_años_que_realiza_una_ocupación_infantil_no_permitida,_desglosada_por_sexo_y_edad",	05,"Coahuila_de_Zaragoza","2013","6.4001884831587","3.9261370955547","14.8843134995326","ND","ND","ND","ND","ND","ND",
"Proporción_de_la_población_de_5_a_17_años_que_realiza_una_ocupación_infantil_no_permitida,_desglosada_por_sexo_y_edad",	06,"Colima","2013","12.4237624483405","7.3756823509053","29.4711397986559","ND","ND","ND","ND","ND","ND",
"Proporción_de_la_población_de_5_a_17_años_que_realiza_una_ocupación_infantil_no_permitida,_desglosada_por_sexo_y_edad",	07,"Chiapas","2013","10.4485013199372","5.0731089876842","30.0266674840608","ND","ND","ND","ND","ND","ND",
"Proporción_de_la_población_de_5_a_17_años_que_realiza_una_ocupación_infantil_no_permitida,_desglosada_por_sexo_y_edad",	08,"Chihuahua","2013","2.8729710086409","1.1918979302713","8.6458950021962","ND","ND","ND","ND","ND","ND",
"Proporción_de_la_población_de_5_a_17_años_que_realiza_una_ocupación_infantil_no_permitida,_desglosada_por_sexo_y_edad",	09,"Ciudad_de_México","2013","4.4107969580551","2.568289740654","10.085078224701","ND","ND","ND","ND","ND","ND",
"Proporción_de_la_población_de_5_a_17_años_que_realiza_una_ocupación_infantil_no_permitida,_desglosada_por_sexo_y_edad",	10,"Durango","2013","8.4551439410846","5.0587640360444","19.3947838373531","ND","ND","ND","ND","ND","ND",
"Proporción_de_la_población_de_5_a_17_años_que_realiza_una_ocupación_infantil_no_permitida,_desglosada_por_sexo_y_edad",	11,"Guanajuato","2013","12.6227093370771","8.8338481812036","25.810900166201","ND","ND","ND","ND","ND","ND",
"Proporción_de_la_población_de_5_a_17_años_que_realiza_una_ocupación_infantil_no_permitida,_desglosada_por_sexo_y_edad",	12,"Guerrero","2013","12.645699452183","7.9327467325306","28.9564013409493","ND","ND","ND","ND","ND","ND",
"Proporción_de_la_población_de_5_a_17_años_que_realiza_una_ocupación_infantil_no_permitida,_desglosada_por_sexo_y_edad",	13,"Hidalgo","2013","6.8675976537143","3.8990021948026","18.0980888786553","ND","ND","ND","ND","ND","ND",
"Proporción_de_la_población_de_5_a_17_años_que_realiza_una_ocupación_infantil_no_permitida,_desglosada_por_sexo_y_edad",	14,"Jalisco","2013","8.9763541793887","5.4305042257021","20.9813197978878","ND","ND","ND","ND","ND","ND",
"Proporción_de_la_población_de_5_a_17_años_que_realiza_una_ocupación_infantil_no_permitida,_desglosada_por_sexo_y_edad",	15,"México","2013","4.7357987001021","2.7245423616489","12.2772272459671","ND","ND","ND","ND","ND","ND",
"Proporción_de_la_población_de_5_a_17_años_que_realiza_una_ocupación_infantil_no_permitida,_desglosada_por_sexo_y_edad",	16,"Michoacán_de_Ocampo","2013","9.875412526847","5.4216738451411","25.1757106843713","ND","ND","ND","ND","ND","ND",
"Proporción_de_la_población_de_5_a_17_años_que_realiza_una_ocupación_infantil_no_permitida,_desglosada_por_sexo_y_edad",	17,"Morelos","2013","6.5864860919269","3.7625006668998","15.4195599974041","ND","ND","ND","ND","ND","ND",
"Proporción_de_la_población_de_5_a_17_años_que_realiza_una_ocupación_infantil_no_permitida,_desglosada_por_sexo_y_edad",	18,"Nayarit","2013","11.0702221733996","8.0666695946243","21.8206684063257","ND","ND","ND","ND","ND","ND",
"Proporción_de_la_población_de_5_a_17_años_que_realiza_una_ocupación_infantil_no_permitida,_desglosada_por_sexo_y_edad",	19,"Nuevo_León","2013","5.6875962848518","3.0603715027295","14.546105751637","ND","ND","ND","ND","ND","ND",
"Proporción_de_la_población_de_5_a_17_años_que_realiza_una_ocupación_infantil_no_permitida,_desglosada_por_sexo_y_edad",	20,"Oaxaca","2013","11.1506092163721","7.1618489145857","25.7133780164407","ND","ND","ND","ND","ND","ND",
"Proporción_de_la_población_de_5_a_17_años_que_realiza_una_ocupación_infantil_no_permitida,_desglosada_por_sexo_y_edad",	21,"Puebla","2013","12.7565263505468","8.2562203981999","27.6594253112201","ND","ND","ND","ND","ND","ND",
"Proporción_de_la_población_de_5_a_17_años_que_realiza_una_ocupación_infantil_no_permitida,_desglosada_por_sexo_y_edad",	22,"Querétaro","2013","3.7574152983882","1.5364821415731","11.3130236499768","ND","ND","ND","ND","ND","ND",
"Proporción_de_la_población_de_5_a_17_años_que_realiza_una_ocupación_infantil_no_permitida,_desglosada_por_sexo_y_edad",	23,"Quintana_Roo","2013","8.8336904018404","4.8776205116905","21.739862967539","ND","ND","ND","ND","ND","ND",
"Proporción_de_la_población_de_5_a_17_años_que_realiza_una_ocupación_infantil_no_permitida,_desglosada_por_sexo_y_edad",	24,"San_Luis_Potosí","2013","8.0356413901831","4.0789987760597","20.5792745566507","ND","ND","ND","ND","ND","ND",
"Proporción_de_la_población_de_5_a_17_años_que_realiza_una_ocupación_infantil_no_permitida,_desglosada_por_sexo_y_edad",	25,"Sinaloa","2013","8.5254539935849","5.3515765332598","18.2300335086435","ND","ND","ND","ND","ND","ND",
"Proporción_de_la_población_de_5_a_17_años_que_realiza_una_ocupación_infantil_no_permitida,_desglosada_por_sexo_y_edad",	26,"Sonora","2013","6.146718060036","2.4888054285174","17.9658742786578","ND","ND","ND","ND","ND","ND",
"Proporción_de_la_población_de_5_a_17_años_que_realiza_una_ocupación_infantil_no_permitida,_desglosada_por_sexo_y_edad",	27,"Tabasco","2013","10.2348521720056","6.2530161540063","22.1359382583552","ND","ND","ND","ND","ND","ND",
"Proporción_de_la_población_de_5_a_17_años_que_realiza_una_ocupación_infantil_no_permitida,_desglosada_por_sexo_y_edad",	28,"Tamaulipas","2013","6.3411069855882","4.0724977525194","14.0909725428716","ND","ND","ND","ND","ND","ND",
"Proporción_de_la_población_de_5_a_17_años_que_realiza_una_ocupación_infantil_no_permitida,_desglosada_por_sexo_y_edad",	29,"Tlaxcala","2013","7.2434516040914","3.9963767835438","19.0353688708952","ND","ND","ND","ND","ND","ND",
"Proporción_de_la_población_de_5_a_17_años_que_realiza_una_ocupación_infantil_no_permitida,_desglosada_por_sexo_y_edad",	30,"Veracruz_de_Ignacio_de_la_Llave","2013","6.2853527816416","3.5054075532981","16.0542286129253","ND","ND","ND","ND","ND","ND",
"Proporción_de_la_población_de_5_a_17_años_que_realiza_una_ocupación_infantil_no_permitida,_desglosada_por_sexo_y_edad",	31,"Yucatán","2013","7.168213645986","4.1080987102757","17.5714643931795","ND","ND","ND","ND","ND","ND",
"Proporción_de_la_población_de_5_a_17_años_que_realiza_una_ocupación_infantil_no_permitida,_desglosada_por_sexo_y_edad",	32,"Zacatecas","2013","11.3563253869118","7.1939727011939","25.9771916079046","ND","ND","ND","ND","ND","ND",
"Proporción_de_la_población_de_5_a_17_años_que_realiza_una_ocupación_infantil_no_permitida,_desglosada_por_sexo_y_edad",	00,"Estados_Unidos_Mexicanos","2011","9.5209356024291","5.595440611087","22.1083151776369","13.3539219068997","7.4781021749397","32.2138852797239","5.6049301117368","3.6710838286078","11.7996583282631",
"Proporción_de_la_población_de_5_a_17_años_que_realiza_una_ocupación_infantil_no_permitida,_desglosada_por_sexo_y_edad",	01,"Aguascalientes","2011","6.3157927033188","2.7106774244892","17.2352839377982","ND","ND","ND","ND","ND","ND",
"Proporción_de_la_población_de_5_a_17_años_que_realiza_una_ocupación_infantil_no_permitida,_desglosada_por_sexo_y_edad",	02,"Baja_California","2011","7.0498553795171","3.7888644432646","16.412756548251","ND","ND","ND","ND","ND","ND",
"Proporción_de_la_población_de_5_a_17_años_que_realiza_una_ocupación_infantil_no_permitida,_desglosada_por_sexo_y_edad",	03,"Baja_California_Sur","2011","8.0468395298391","4.4751699699903","18.4185909113288","ND","ND","ND","ND","ND","ND",
"Proporción_de_la_población_de_5_a_17_años_que_realiza_una_ocupación_infantil_no_permitida,_desglosada_por_sexo_y_edad",	04,"Campeche","2011","11.3472569495514","7.0066913049567","24.7163619315518","ND","ND","ND","ND","ND","ND",
"Proporción_de_la_población_de_5_a_17_años_que_realiza_una_ocupación_infantil_no_permitida,_desglosada_por_sexo_y_edad",	05,"Coahuila_de_Zaragoza","2011","8.4944299058891","4.455841419718","21.0865109142563","ND","ND","ND","ND","ND","ND",
"Proporción_de_la_población_de_5_a_17_años_que_realiza_una_ocupación_infantil_no_permitida,_desglosada_por_sexo_y_edad",	06,"Colima","2011","13.7670064307275","10.1018815216498","25.413153016735","ND","ND","ND","ND","ND","ND",
"Proporción_de_la_población_de_5_a_17_años_que_realiza_una_ocupación_infantil_no_permitida,_desglosada_por_sexo_y_edad",	07,"Chiapas","2011","12.479367371064","7.3094003310793","31.3402330978584","ND","ND","ND","ND","ND","ND",
"Proporción_de_la_población_de_5_a_17_años_que_realiza_una_ocupación_infantil_no_permitida,_desglosada_por_sexo_y_edad",	08,"Chihuahua","2011","3.6321030374703","1.5985913213864","10.9272257111193","ND","ND","ND","ND","ND","ND",
"Proporción_de_la_población_de_5_a_17_años_que_realiza_una_ocupación_infantil_no_permitida,_desglosada_por_sexo_y_edad",	09,"Ciudad_de_México","2011","5.2253064542458","2.523387725185","13.6793775727145","ND","ND","ND","ND","ND","ND",
"Proporción_de_la_población_de_5_a_17_años_que_realiza_una_ocupación_infantil_no_permitida,_desglosada_por_sexo_y_edad",	10,"Durango","2011","8.8706781435935","5.7270735956122","18.2035417111159","ND","ND","ND","ND","ND","ND",
"Proporción_de_la_población_de_5_a_17_años_que_realiza_una_ocupación_infantil_no_permitida,_desglosada_por_sexo_y_edad",	11,"Guanajuato","2011","12.2510239318454","7.7524524923152","26.6462701940349","ND","ND","ND","ND","ND","ND",
"Proporción_de_la_población_de_5_a_17_años_que_realiza_una_ocupación_infantil_no_permitida,_desglosada_por_sexo_y_edad",	12,"Guerrero","2011","20.2750427226634","14.0871857594042","40.0915393310831","ND","ND","ND","ND","ND","ND",
"Proporción_de_la_población_de_5_a_17_años_que_realiza_una_ocupación_infantil_no_permitida,_desglosada_por_sexo_y_edad",	13,"Hidalgo","2011","9.5213057609125","4.9870749100788","24.2334806219854","ND","ND","ND","ND","ND","ND",
"Proporción_de_la_población_de_5_a_17_años_que_realiza_una_ocupación_infantil_no_permitida,_desglosada_por_sexo_y_edad",	14,"Jalisco","2011","11.3187981751069","7.1974248176204","24.0383473244772","ND","ND","ND","ND","ND","ND",
"Proporción_de_la_población_de_5_a_17_años_que_realiza_una_ocupación_infantil_no_permitida,_desglosada_por_sexo_y_edad",	15,"México","2011","6.7013952639082","3.4159412793597","17.0978237595116","ND","ND","ND","ND","ND","ND",
"Proporción_de_la_población_de_5_a_17_años_que_realiza_una_ocupación_infantil_no_permitida,_desglosada_por_sexo_y_edad",	16,"Michoacán_de_Ocampo","2011","14.6474707621604","8.4539376557862","33.4853300010094","ND","ND","ND","ND","ND","ND",
"Proporción_de_la_población_de_5_a_17_años_que_realiza_una_ocupación_infantil_no_permitida,_desglosada_por_sexo_y_edad",	17,"Morelos","2011","8.0197391641386","3.9738275193513","19.2989075161576","ND","ND","ND","ND","ND","ND",
"Proporción_de_la_población_de_5_a_17_años_que_realiza_una_ocupación_infantil_no_permitida,_desglosada_por_sexo_y_edad",	18,"Nayarit","2011","13.480119560684","10.0471072490281","24.3477631388446","ND","ND","ND","ND","ND","ND",
"Proporción_de_la_población_de_5_a_17_años_que_realiza_una_ocupación_infantil_no_permitida,_desglosada_por_sexo_y_edad",	19,"Nuevo_León","2011","6.7988040176501","3.5917122106907","17.0625127531869","ND","ND","ND","ND","ND","ND",
"Proporción_de_la_población_de_5_a_17_años_que_realiza_una_ocupación_infantil_no_permitida,_desglosada_por_sexo_y_edad",	20,"Oaxaca","2011","14.0024742925823","9.431945280649","29.1866584895602","ND","ND","ND","ND","ND","ND",
"Proporción_de_la_población_de_5_a_17_años_que_realiza_una_ocupación_infantil_no_permitida,_desglosada_por_sexo_y_edad",	21,"Puebla","2011","13.5860237736031","8.4343389033951","31.4164703318852","ND","ND","ND","ND","ND","ND",
"Proporción_de_la_población_de_5_a_17_años_que_realiza_una_ocupación_infantil_no_permitida,_desglosada_por_sexo_y_edad",	22,"Querétaro","2011","5.112438837873","1.6799000753837","15.5919532988955","ND","ND","ND","ND","ND","ND",
"Proporción_de_la_población_de_5_a_17_años_que_realiza_una_ocupación_infantil_no_permitida,_desglosada_por_sexo_y_edad",	23,"Quintana_Roo","2011","8.540410061844","5.5336642218115","17.9534454943535","ND","ND","ND","ND","ND","ND",
"Proporción_de_la_población_de_5_a_17_años_que_realiza_una_ocupación_infantil_no_permitida,_desglosada_por_sexo_y_edad",	24,"San_Luis_Potosí","2011","6.9166604126537","3.8108182351917","17.5572519083969","ND","ND","ND","ND","ND","ND",
"Proporción_de_la_población_de_5_a_17_años_que_realiza_una_ocupación_infantil_no_permitida,_desglosada_por_sexo_y_edad",	25,"Sinaloa","2011","11.5990171819616","7.9050430684564","22.6794225163111","ND","ND","ND","ND","ND","ND",
"Proporción_de_la_población_de_5_a_17_años_que_realiza_una_ocupación_infantil_no_permitida,_desglosada_por_sexo_y_edad",	26,"Sonora","2011","5.8686335209914","3.0181344222525","15.4413485562478","ND","ND","ND","ND","ND","ND",
"Proporción_de_la_población_de_5_a_17_años_que_realiza_una_ocupación_infantil_no_permitida,_desglosada_por_sexo_y_edad",	27,"Tabasco","2011","9.5416881786866","6.3645345952077","19.8323801869937","ND","ND","ND","ND","ND","ND",
"Proporción_de_la_población_de_5_a_17_años_que_realiza_una_ocupación_infantil_no_permitida,_desglosada_por_sexo_y_edad",	28,"Tamaulipas","2011","8.1176602308917","5.5857683035809","16.3261967460539","ND","ND","ND","ND","ND","ND",
"Proporción_de_la_población_de_5_a_17_años_que_realiza_una_ocupación_infantil_no_permitida,_desglosada_por_sexo_y_edad",	29,"Tlaxcala","2011","8.8803443680203","4.7471763821912","22.7690499091589","ND","ND","ND","ND","ND","ND",
"Proporción_de_la_población_de_5_a_17_años_que_realiza_una_ocupación_infantil_no_permitida,_desglosada_por_sexo_y_edad",	30,"Veracruz_de_Ignacio_de_la_Llave","2011","6.7533694884547","2.9027507788812","19.367561033713","ND","ND","ND","ND","ND","ND",
"Proporción_de_la_población_de_5_a_17_años_que_realiza_una_ocupación_infantil_no_permitida,_desglosada_por_sexo_y_edad",	31,"Yucatán","2011","9.5510956082515","4.5360992917443","25.5543987506507","ND","ND","ND","ND","ND","ND",
"Proporción_de_la_población_de_5_a_17_años_que_realiza_una_ocupación_infantil_no_permitida,_desglosada_por_sexo_y_edad",	32,"Zacatecas","2011","12.6714630934204","8.2190876409984","26.5432479687339","ND","ND","ND","ND","ND","ND",
"Proporción_de_la_población_de_5_a_17_años_que_realiza_una_ocupación_infantil_no_permitida,_desglosada_por_sexo_y_edad",	00,"Estados_Unidos_Mexicanos","2009","9.7969237344551","5.7579959360359","22.7072381447112","13.5418948991202","7.526650709142","33.0770733720157","5.9422051183223","3.923540860194","12.2911085669492",
"Proporción_de_la_población_de_5_a_17_años_que_realiza_una_ocupación_infantil_no_permitida,_desglosada_por_sexo_y_edad",	01,"Aguascalientes","2009","6.8762899560533","3.501316420787","17.6001844829353","ND","ND","ND","ND","ND","ND",
"Proporción_de_la_población_de_5_a_17_años_que_realiza_una_ocupación_infantil_no_permitida,_desglosada_por_sexo_y_edad",	02,"Baja_California","2009","4.6054750811015","2.3159848955341","12.0056679118897","ND","ND","ND","ND","ND","ND",
"Proporción_de_la_población_de_5_a_17_años_que_realiza_una_ocupación_infantil_no_permitida,_desglosada_por_sexo_y_edad",	03,"Baja_California_Sur","2009","7.0434616850934","3.8085871831081","17.0623763407269","ND","ND","ND","ND","ND","ND",
"Proporción_de_la_población_de_5_a_17_años_que_realiza_una_ocupación_infantil_no_permitida,_desglosada_por_sexo_y_edad",	04,"Campeche","2009","12.3632759872673","8.0365506417454","24.4382119732696","ND","ND","ND","ND","ND","ND",
"Proporción_de_la_población_de_5_a_17_años_que_realiza_una_ocupación_infantil_no_permitida,_desglosada_por_sexo_y_edad",	05,"Coahuila_de_Zaragoza","2009","6.7935270727982","4.3303713313397","15.1894884887802","ND","ND","ND","ND","ND","ND",
"Proporción_de_la_población_de_5_a_17_años_que_realiza_una_ocupación_infantil_no_permitida,_desglosada_por_sexo_y_edad",	06,"Colima","2009","14.2864312151057","8.9335373780257","31.4672018590895","ND","ND","ND","ND","ND","ND",
"Proporción_de_la_población_de_5_a_17_años_que_realiza_una_ocupación_infantil_no_permitida,_desglosada_por_sexo_y_edad",	07,"Chiapas","2009","13.5523698735308","7.8138055020241","33.0104609483268","ND","ND","ND","ND","ND","ND",
"Proporción_de_la_población_de_5_a_17_años_que_realiza_una_ocupación_infantil_no_permitida,_desglosada_por_sexo_y_edad",	08,"Chihuahua","2009","3.0397108238656","1.216537499614","9.0299934565265","ND","ND","ND","ND","ND","ND",
"Proporción_de_la_población_de_5_a_17_años_que_realiza_una_ocupación_infantil_no_permitida,_desglosada_por_sexo_y_edad",	09,"Ciudad_de_México","2009","4.2830228779151","2.6411179861055","9.4154613420777","ND","ND","ND","ND","ND","ND",
"Proporción_de_la_población_de_5_a_17_años_que_realiza_una_ocupación_infantil_no_permitida,_desglosada_por_sexo_y_edad",	10,"Durango","2009","8.199359953604","4.7253448072939","19.6799753966387","ND","ND","ND","ND","ND","ND",
"Proporción_de_la_población_de_5_a_17_años_que_realiza_una_ocupación_infantil_no_permitida,_desglosada_por_sexo_y_edad",	11,"Guanajuato","2009","12.0280952180488","7.4233932334969","26.8540179498672","ND","ND","ND","ND","ND","ND",
"Proporción_de_la_población_de_5_a_17_años_que_realiza_una_ocupación_infantil_no_permitida,_desglosada_por_sexo_y_edad",	12,"Guerrero","2009","16.921194938935","11.2902208006731","35.334363721698","ND","ND","ND","ND","ND","ND",
"Proporción_de_la_población_de_5_a_17_años_que_realiza_una_ocupación_infantil_no_permitida,_desglosada_por_sexo_y_edad",	13,"Hidalgo","2009","9.7208718337305","5.3662089349606","24.9769305563297","ND","ND","ND","ND","ND","ND",
"Proporción_de_la_población_de_5_a_17_años_que_realiza_una_ocupación_infantil_no_permitida,_desglosada_por_sexo_y_edad",	14,"Jalisco","2009","11.5252649763872","6.4572228701665","28.0186364585508","ND","ND","ND","ND","ND","ND",
"Proporción_de_la_población_de_5_a_17_años_que_realiza_una_ocupación_infantil_no_permitida,_desglosada_por_sexo_y_edad",	15,"México","2009","6.5819936917453","3.0168637259852","18.0636113009654","ND","ND","ND","ND","ND","ND",
"Proporción_de_la_población_de_5_a_17_años_que_realiza_una_ocupación_infantil_no_permitida,_desglosada_por_sexo_y_edad",	16,"Michoacán_de_Ocampo","2009","13.3350703193468","8.1649561712942","31.3301909578634","ND","ND","ND","ND","ND","ND",
"Proporción_de_la_población_de_5_a_17_años_que_realiza_una_ocupación_infantil_no_permitida,_desglosada_por_sexo_y_edad",	17,"Morelos","2009","7.6194167490845","3.7462253714832","18.9372892313606","ND","ND","ND","ND","ND","ND",
"Proporción_de_la_población_de_5_a_17_años_que_realiza_una_ocupación_infantil_no_permitida,_desglosada_por_sexo_y_edad",	18,"Nayarit","2009","15.0125359930806","11.2101978927724","26.4774409096904","ND","ND","ND","ND","ND","ND",
"Proporción_de_la_población_de_5_a_17_años_que_realiza_una_ocupación_infantil_no_permitida,_desglosada_por_sexo_y_edad",	19,"Nuevo_León","2009","7.5123696274647","4.1353004415668","18.4040306688136","ND","ND","ND","ND","ND","ND",
"Proporción_de_la_población_de_5_a_17_años_que_realiza_una_ocupación_infantil_no_permitida,_desglosada_por_sexo_y_edad",	20,"Oaxaca","2009","13.4794635257941","7.8717931625778","29.9943812998829","ND","ND","ND","ND","ND","ND",
"Proporción_de_la_población_de_5_a_17_años_que_realiza_una_ocupación_infantil_no_permitida,_desglosada_por_sexo_y_edad",	21,"Puebla","2009","14.5421934107727","9.3929397419088","31.4945006554154","ND","ND","ND","ND","ND","ND",
"Proporción_de_la_población_de_5_a_17_años_que_realiza_una_ocupación_infantil_no_permitida,_desglosada_por_sexo_y_edad",	22,"Querétaro","2009","6.4211135052918","2.672347939173","17.6227598353987","ND","ND","ND","ND","ND","ND",
"Proporción_de_la_población_de_5_a_17_años_que_realiza_una_ocupación_infantil_no_permitida,_desglosada_por_sexo_y_edad",	23,"Quintana_Roo","2009","11.9312976871455","8.1275221624527","22.3619268821047","ND","ND","ND","ND","ND","ND",
"Proporción_de_la_población_de_5_a_17_años_que_realiza_una_ocupación_infantil_no_permitida,_desglosada_por_sexo_y_edad",	24,"San_Luis_Potosí","2009","8.6713865853183","5.0271711589527","19.9996563042395","ND","ND","ND","ND","ND","ND",
"Proporción_de_la_población_de_5_a_17_años_que_realiza_una_ocupación_infantil_no_permitida,_desglosada_por_sexo_y_edad",	25,"Sinaloa","2009","13.3717459892071","8.102679891208","27.8032216110079","ND","ND","ND","ND","ND","ND",
"Proporción_de_la_población_de_5_a_17_años_que_realiza_una_ocupación_infantil_no_permitida,_desglosada_por_sexo_y_edad",	26,"Sonora","2009","6.2374851241618","3.3831519476988","15.6686083825893","ND","ND","ND","ND","ND","ND",
"Proporción_de_la_población_de_5_a_17_años_que_realiza_una_ocupación_infantil_no_permitida,_desglosada_por_sexo_y_edad",	27,"Tabasco","2009","10.5279692100199","6.1046549514521","24.3225850155805","ND","ND","ND","ND","ND","ND",
"Proporción_de_la_población_de_5_a_17_años_que_realiza_una_ocupación_infantil_no_permitida,_desglosada_por_sexo_y_edad",	28,"Tamaulipas","2009","8.1525525974907","5.1371399538828","17.0954476120711","ND","ND","ND","ND","ND","ND",
"Proporción_de_la_población_de_5_a_17_años_que_realiza_una_ocupación_infantil_no_permitida,_desglosada_por_sexo_y_edad",	29,"Tlaxcala","2009","8.8744136290139","4.8291110305362","23.2151339872021","ND","ND","ND","ND","ND","ND",
"Proporción_de_la_población_de_5_a_17_años_que_realiza_una_ocupación_infantil_no_permitida,_desglosada_por_sexo_y_edad",	30,"Veracruz_de_Ignacio_de_la_Llave","2009","10.3961763269189","6.5808047096414","22.7111523862354","ND","ND","ND","ND","ND","ND",
"Proporción_de_la_población_de_5_a_17_años_que_realiza_una_ocupación_infantil_no_permitida,_desglosada_por_sexo_y_edad",	31,"Yucatán","2009","11.253836865917","5.8927497828943","27.05245457901","ND","ND","ND","ND","ND","ND",
"Proporción_de_la_población_de_5_a_17_años_que_realiza_una_ocupación_infantil_no_permitida,_desglosada_por_sexo_y_edad",	32,"Zacatecas","2009","15.2712135893532","10.6193885963944","30.1262516325642","ND","ND","ND","ND","ND","ND",
"Proporción_de_la_población_de_5_a_17_años_que_realiza_una_ocupación_infantil_no_permitida,_desglosada_por_sexo_y_edad",	00,"Estados_Unidos_Mexicanos","2007","11.5250330252422","6.8706188462424","26.6342216807289","16.0150834887748","9.0745746378105","38.7099884143174","6.9516058448294","4.6179714919575","14.471327305794",
"Proporción_de_la_población_de_5_a_17_años_que_realiza_una_ocupación_infantil_no_permitida,_desglosada_por_sexo_y_edad",	01,"Aguascalientes","2007","9.4821322412313","4.7143968871595","25.592311130979","ND","ND","ND","ND","ND","ND",
"Proporción_de_la_población_de_5_a_17_años_que_realiza_una_ocupación_infantil_no_permitida,_desglosada_por_sexo_y_edad",	02,"Baja_California","2007","7.1984727483533","4.1462303608551","16.5669312155862","ND","ND","ND","ND","ND","ND",
"Proporción_de_la_población_de_5_a_17_años_que_realiza_una_ocupación_infantil_no_permitida,_desglosada_por_sexo_y_edad",	03,"Baja_California_Sur","2007","7.8822760497252","3.0522016248485","21.8397364393369","ND","ND","ND","ND","ND","ND",
"Proporción_de_la_población_de_5_a_17_años_que_realiza_una_ocupación_infantil_no_permitida,_desglosada_por_sexo_y_edad",	04,"Campeche","2007","12.3202359978695","8.3649260848832","25.1045218966148","ND","ND","ND","ND","ND","ND",
"Proporción_de_la_población_de_5_a_17_años_que_realiza_una_ocupación_infantil_no_permitida,_desglosada_por_sexo_y_edad",	05,"Coahuila_de_Zaragoza","2007","9.5668253397407","6.0832440004533","20.7260824282101","ND","ND","ND","ND","ND","ND",
"Proporción_de_la_población_de_5_a_17_años_que_realiza_una_ocupación_infantil_no_permitida,_desglosada_por_sexo_y_edad",	06,"Colima","2007","13.317584143508","6.9982031405977","32.0413569609835","ND","ND","ND","ND","ND","ND",
"Proporción_de_la_población_de_5_a_17_años_que_realiza_una_ocupación_infantil_no_permitida,_desglosada_por_sexo_y_edad",	07,"Chiapas","2007","13.1342320951954","7.1192552086053","35.0649191159088","ND","ND","ND","ND","ND","ND",
"Proporción_de_la_población_de_5_a_17_años_que_realiza_una_ocupación_infantil_no_permitida,_desglosada_por_sexo_y_edad",	08,"Chihuahua","2007","8.1379758618113","2.8804567253614","24.794094464032","ND","ND","ND","ND","ND","ND",
"Proporción_de_la_población_de_5_a_17_años_que_realiza_una_ocupación_infantil_no_permitida,_desglosada_por_sexo_y_edad",	09,"Ciudad_de_México","2007","5.2426494789952","2.427982279884","14.4516797889168","ND","ND","ND","ND","ND","ND",
"Proporción_de_la_población_de_5_a_17_años_que_realiza_una_ocupación_infantil_no_permitida,_desglosada_por_sexo_y_edad",	10,"Durango","2007","8.8814077648072","4.1122270101295","22.7402760351317","ND","ND","ND","ND","ND","ND",
"Proporción_de_la_población_de_5_a_17_años_que_realiza_una_ocupación_infantil_no_permitida,_desglosada_por_sexo_y_edad",	11,"Guanajuato","2007","12.8665522183548","7.2030964740897","31.5206041949567","ND","ND","ND","ND","ND","ND",
"Proporción_de_la_población_de_5_a_17_años_que_realiza_una_ocupación_infantil_no_permitida,_desglosada_por_sexo_y_edad",	12,"Guerrero","2007","18.9245631141332","13.6937275427387","36.9529226633446","ND","ND","ND","ND","ND","ND",
"Proporción_de_la_población_de_5_a_17_años_que_realiza_una_ocupación_infantil_no_permitida,_desglosada_por_sexo_y_edad",	13,"Hidalgo","2007","13.9191338265619","9.7625086224316","28.5135011161738","ND","ND","ND","ND","ND","ND",
"Proporción_de_la_población_de_5_a_17_años_que_realiza_una_ocupación_infantil_no_permitida,_desglosada_por_sexo_y_edad",	14,"Jalisco","2007","14.1055232660029","8.5099251674681","32.5650962899934","ND","ND","ND","ND","ND","ND",
"Proporción_de_la_población_de_5_a_17_años_que_realiza_una_ocupación_infantil_no_permitida,_desglosada_por_sexo_y_edad",	15,"México","2007","7.1700505097579","3.3385451464703","19.0268455354034","ND","ND","ND","ND","ND","ND",
"Proporción_de_la_población_de_5_a_17_años_que_realiza_una_ocupación_infantil_no_permitida,_desglosada_por_sexo_y_edad",	16,"Michoacán_de_Ocampo","2007","16.5077304024548","10.8586033712145","34.9333210946617","ND","ND","ND","ND","ND","ND",
"Proporción_de_la_población_de_5_a_17_años_que_realiza_una_ocupación_infantil_no_permitida,_desglosada_por_sexo_y_edad",	17,"Morelos","2007","11.8904166790945","7.2933774631996","26.9932713113183","ND","ND","ND","ND","ND","ND",
"Proporción_de_la_población_de_5_a_17_años_que_realiza_una_ocupación_infantil_no_permitida,_desglosada_por_sexo_y_edad",	18,"Nayarit","2007","16.0781207153956","11.2020781795572","31.9495260868313","ND","ND","ND","ND","ND","ND",
"Proporción_de_la_población_de_5_a_17_años_que_realiza_una_ocupación_infantil_no_permitida,_desglosada_por_sexo_y_edad",	19,"Nuevo_León","2007","8.5084428822131","4.1021425210198","22.676428123496","ND","ND","ND","ND","ND","ND",
"Proporción_de_la_población_de_5_a_17_años_que_realiza_una_ocupación_infantil_no_permitida,_desglosada_por_sexo_y_edad",	20,"Oaxaca","2007","16.3024645793607","11.0193681167232","33.7054496762478","ND","ND","ND","ND","ND","ND",
"Proporción_de_la_población_de_5_a_17_años_que_realiza_una_ocupación_infantil_no_permitida,_desglosada_por_sexo_y_edad",	21,"Puebla","2007","16.6062397012743","10.4535124760077","36.0330943134603","ND","ND","ND","ND","ND","ND",
"Proporción_de_la_población_de_5_a_17_años_que_realiza_una_ocupación_infantil_no_permitida,_desglosada_por_sexo_y_edad",	22,"Querétaro","2007","9.5280318341604","5.0320848020039","23.8719404190112","ND","ND","ND","ND","ND","ND",
"Proporción_de_la_población_de_5_a_17_años_que_realiza_una_ocupación_infantil_no_permitida,_desglosada_por_sexo_y_edad",	23,"Quintana_Roo","2007","14.0632532726801","10.2058131824229","25.6550529116901","ND","ND","ND","ND","ND","ND",
"Proporción_de_la_población_de_5_a_17_años_que_realiza_una_ocupación_infantil_no_permitida,_desglosada_por_sexo_y_edad",	24,"San_Luis_Potosí","2007","15.0683226029475","9.7981467465086","32.8827522190636","ND","ND","ND","ND","ND","ND",
"Proporción_de_la_población_de_5_a_17_años_que_realiza_una_ocupación_infantil_no_permitida,_desglosada_por_sexo_y_edad",	25,"Sinaloa","2007","13.6004471789218","8.4768862316718","28.7696459269613","ND","ND","ND","ND","ND","ND",
"Proporción_de_la_población_de_5_a_17_años_que_realiza_una_ocupación_infantil_no_permitida,_desglosada_por_sexo_y_edad",	26,"Sonora","2007","5.7671633799557","3.1390399093222","15.0806523143983","ND","ND","ND","ND","ND","ND",
"Proporción_de_la_población_de_5_a_17_años_que_realiza_una_ocupación_infantil_no_permitida,_desglosada_por_sexo_y_edad",	27,"Tabasco","2007","15.9940113986097","13.7576059418376","22.8784353981829","ND","ND","ND","ND","ND","ND",
"Proporción_de_la_población_de_5_a_17_años_que_realiza_una_ocupación_infantil_no_permitida,_desglosada_por_sexo_y_edad",	28,"Tamaulipas","2007","9.8078352216361","6.1960664366107","22.8219593636106","ND","ND","ND","ND","ND","ND",
"Proporción_de_la_población_de_5_a_17_años_que_realiza_una_ocupación_infantil_no_permitida,_desglosada_por_sexo_y_edad",	29,"Tlaxcala","2007","10.297440456347","6.1528639627843","23.3567383338031","ND","ND","ND","ND","ND","ND",
"Proporción_de_la_población_de_5_a_17_años_que_realiza_una_ocupación_infantil_no_permitida,_desglosada_por_sexo_y_edad",	30,"Veracruz_de_Ignacio_de_la_Llave","2007","10.5361772683941","5.3235544096866","27.0841748080413","ND","ND","ND","ND","ND","ND",
"Proporción_de_la_población_de_5_a_17_años_que_realiza_una_ocupación_infantil_no_permitida,_desglosada_por_sexo_y_edad",	31,"Yucatán","2007","12.1297183578411","6.8970957146921","29.6810347071019","ND","ND","ND","ND","ND","ND",
"Proporción_de_la_población_de_5_a_17_años_que_realiza_una_ocupación_infantil_no_permitida,_desglosada_por_sexo_y_edad",	32,"Zacatecas","2007","16.6526181323443","10.9043526953975","36.0851656924133","ND","ND","ND","ND","ND","ND",
